Profile Name,Country Iso Code,Device,Is Kids,Query Typed,Displayed Name,Action,Section,Utc Timestamp
Jane,GB,iPhone,0,tick,,view_video_info,suggestion_title_results,2022-01-25 06:55:43
Jane,GB,iPhone,0,zom,,view_video_info,suggestion_title_results,2022-01-21 20:03:14
Jane,GB,iPhone,0,army of,,view_video_info,suggestion_title_results,2022-01-21 20:02:59
Jane,GB,iPhone,0,dont,,view_video_info,suggestion_title_results,2022-01-07 22:52:05
Jane,GB,iPhone,0,dont,,play,video_info,2022-01-07 22:50:13
Jane,GB,iPhone,0,dont,,view_video_info,suggestion_title_results,2022-01-07 22:50:11
Jane,GB,iPhone,0,sea of,,view_video_info,suggestion_title_results,2022-01-06 08:07:16
Jane,GB,iPhone,0,sea of,,view_video_info,suggestion_title_results,2022-01-06 08:06:42
Jane,GB,iPhone,0,sea of,,view_video_info,suggestion_title_results,2022-01-06 08:06:31
Jane,GB,iPhone,0,stay,,view_video_info,suggestion_title_results,2022-01-03 20:54:21
Jane,GB,Set Top Box,0,aca,James Acaster: Repertoire,play,video_info,2021-12-29 22:03:21
Jane,GB,Set Top Box,0,aca,James Acaster: Repertoire,view_video_info,title_results,2021-12-29 22:03:18
Jane,GB,Set Top Box,0,cl,Click & Collect,play,video_info,2021-12-24 09:00:05
Jane,GB,Set Top Box,0,cl,Click & Collect,view_video_info,title_results,2021-12-24 09:00:03
Jane,GB,Smart TV,0,trav,Jack Whitehall: Christmas with My Father,play,video_info,2021-12-17 22:04:32
Jane,GB,Smart TV,0,trav,Jack Whitehall: Christmas with My Father,view_video_info,title_results,2021-12-17 22:04:26
Jane,GB,Smart TV,0,name i,Dolemite Is My Name,play,video_info,2021-12-11 19:30:03
Jane,GB,Smart TV,0,name i,Dolemite Is My Name,view_video_info,title_results,2021-12-11 19:29:59
Jane,GB,Smart TV,0,jame,James Acaster: Repertoire,view_video_info,title_results,2021-12-03 17:05:58
Jane,GB,Smart TV,0,puf,Puffin Rock,play,video_info,2021-11-30 17:44:50
Jane,GB,Smart TV,0,puf,Puffin Rock,view_video_info,title_results,2021-11-30 17:44:45
Jane,GB,Smart TV,0,che,The Chestnut Man,play,video_info,2021-11-29 19:51:58
Jane,GB,Smart TV,0,che,The Chestnut Man,view_video_info,title_results,2021-11-29 19:51:52
Jane,GB,Smart TV,0,maid,Maid,play,video_info,2021-11-18 20:40:23
Jane,GB,Smart TV,0,maid,Maid,view_video_info,title_results,2021-11-18 20:40:18
Jane,GB,Smart TV,0,peter,Paddington,play,video_info,2021-11-07 16:00:25
Jane,GB,Smart TV,0,peter,Paddington,view_video_info,title_results,2021-11-07 16:00:20
Jane,GB,Smart TV,0,,The Secret Life of Pets 2,play,video_info,2021-11-03 17:14:11
Jane,GB,Smart TV,0,,The Secret Life of Pets 2,view_video_info,popularSearches,2021-11-03 17:14:06
Jane,GB,Set Top Box,0,spi,Spirit Riding Free,play,video_info,2021-10-22 14:15:51
Jane,GB,Set Top Box,0,spi,Spirit Riding Free,view_video_info,suggestion_title_results,2021-10-22 14:15:48
Jane,GB,Set Top Box,0,spi,Spirit,view_suggestion_info,suggestion_results,2021-10-22 14:15:47
Jane,GB,Smart TV,0,pu,Chip and Potato,play,video_info,2021-10-18 17:27:04
Jane,GB,Smart TV,0,pu,Chip and Potato,view_video_info,title_results,2021-10-18 17:27:00
Jane,GB,Smart TV,0,pu,Puffin Rock,play,video_info,2021-10-18 16:59:46
Jane,GB,Smart TV,0,pu,Puffin Rock,view_video_info,title_results,2021-10-18 16:59:43
Jane,GB,Smart TV,0,tony scott,The Equalizer,play,video_info,2021-09-18 22:40:35
Jane,GB,Smart TV,0,tony scott,The Equalizer,view_video_info,title_results,2021-09-18 22:40:31
Jane,GB,Smart TV,0,tony scott,The Magnificent Seven,play,video_info,2021-09-18 22:40:16
Jane,GB,Smart TV,0,tony scott,The Magnificent Seven,view_video_info,title_results,2021-09-18 22:40:12
Jane,GB,Smart TV,0,tony scott,Clear and Present Danger,view_video_info,title_results,2021-09-18 22:40:07
Jane,GB,Smart TV,0,tony scott,In the Line of Fire,view_video_info,title_results,2021-09-18 22:40:02
Jane,GB,Smart TV,0,tony scott,The Alienist,view_video_info,title_results,2021-09-18 22:39:57
Jane,GB,Smart TV,0,tony scott,Collateral,view_video_info,title_results,2021-09-18 22:39:51
Jane,GB,Smart TV,0,tony scott,Criminal,view_video_info,title_results,2021-09-18 22:39:45
Jane,GB,Smart TV,0,tony scott,Seven,view_video_info,title_results,2021-09-18 22:39:38
Jane,GB,iPhone,0,star trek,Star Trek: Discovery,view_video_info,title_results,2021-09-05 14:35:34
Jane,GB,Smart TV,0,gree,Green Street,play,video_info,2021-09-04 19:10:31
Jane,GB,Smart TV,0,gree,Green Street,view_video_info,title_results,2021-09-04 19:10:26
Jane,GB,iPhone,0,mid so,Midsommar,view_video_info,title_results,2021-09-04 16:30:44
Jane,GB,Smart TV,0,foo,Street Food: Asia,play,video_info,2021-08-30 13:33:39
Jane,GB,Smart TV,0,foo,Street Food: Asia,view_video_info,title_results,2021-08-30 13:33:33
Jane,GB,Smart TV,0,mali,Untold: Malice at the Palace,play,title_results,2021-08-17 20:12:47
Jane,GB,Smart TV,0,mali,,view_video_info,title_results,2021-08-17 20:12:41
Jane,GB,Smart TV,0,mali,Untold: Malice at the Palace,view_video_info,title_results,2021-08-17 20:12:38
Jane,GB,Smart TV,0,mali,Untold: Malice at the Palace,play,video_info,2021-08-17 20:12:33
Jane,GB,Smart TV,0,mali,Untold: Malice at the Palace,view_video_info,title_results,2021-08-17 20:12:29
Jane,GB,Smart TV,0,civi,World War II in Colour,play,video_info,2021-08-16 19:04:08
Jane,GB,Smart TV,0,civi,World War II in Colour,view_video_info,suggestion_title_results,2021-08-16 19:04:04
Jane,GB,Smart TV,0,civi,Ken Burns: The Civil War,view_suggestion_info,suggestion_results,2021-08-16 19:04:03
Jane,GB,Smart TV,0,acc,The Accountant,play,video_info,2021-08-15 19:05:33
Jane,GB,Smart TV,0,acc,The Accountant,view_video_info,title_results,2021-08-15 19:05:28
Jane,GB,iPhone,0,mids,Midsommar,view_video_info,title_results,2021-07-28 21:13:36
Jane,GB,Smart TV,0,,Believe Me: The Abduction of Lisa McVey,play,video_info,2021-06-04 19:36:39
Jane,GB,Smart TV,0,,Believe Me: The Abduction of Lisa McVey,view_video_info,popularSearches,2021-06-04 19:36:35
Jane,GB,Smart TV,0,oct,My Octopus Teacher,play,video_info,2021-06-04 19:34:32
Jane,GB,Smart TV,0,oct,My Octopus Teacher,view_video_info,title_results,2021-06-04 19:34:28
Jane,GB,iPhone,0,amanda,Things Heard & Seen,view_video_info,title_results,2021-06-04 19:18:58
Jane,GB,iPhone,0,beh,The Woman in the Window,view_video_info,title_results,2021-06-04 19:18:40
Jane,GB,iPhone,0,beh,Behind Her Eyes,view_video_info,title_results,2021-06-04 19:18:26
Jane,GB,iPhone,0,highlander,First Knight,view_video_info,title_results,2021-06-02 21:32:43
Jane,GB,iPhone,0,highlander,Assassin's Creed,view_video_info,title_results,2021-06-02 21:32:31
Jane,GB,iPhone,0,highlander,Siffredi Late Night - Hard Academy,view_video_info,title_results,2021-06-02 21:32:10
Jane,GB,Smart TV,0,vi,Virgin River,play,video_info,2021-06-01 20:24:18
Jane,GB,Smart TV,0,vi,Virgin River,view_video_info,title_results,2021-06-01 20:24:12
Jane,GB,iPhone,0,river,Virgin River,view_video_info,title_results,2021-06-01 20:23:42
Jane,GB,iPhone,0,ingl,Fury,view_video_info,title_results,2021-05-28 19:13:33
Jane,GB,Smart TV,0,vietn,Bobby Kennedy for President,play,video_info,2021-05-15 19:35:47
Jane,GB,Smart TV,0,vietn,Bobby Kennedy for President,view_video_info,title_results,2021-05-15 19:35:43
Jane,GB,Smart TV,0,vietn,Jarhead 2: Field of Fire,play,video_info,2021-05-15 19:35:22
Jane,GB,Smart TV,0,vietn,Jarhead 2: Field of Fire,view_video_info,title_results,2021-05-15 19:35:18
Jane,GB,Smart TV,0,vietn,Age of Tanks,play,video_info,2021-05-15 19:33:38
Jane,GB,Smart TV,0,vietn,Age of Tanks,view_video_info,title_results,2021-05-15 19:33:34
Jane,GB,Smart TV,0,vietn,Saving Private Ryan,play,video_info,2021-05-15 19:33:30
Jane,GB,Smart TV,0,vietn,Saving Private Ryan,view_video_info,title_results,2021-05-15 19:33:25
Jane,GB,Smart TV,0,vietn,Einsatzgruppen: The Nazi Death Squads,play,video_info,2021-05-15 19:27:25
Jane,GB,Smart TV,0,vietn,Einsatzgruppen: The Nazi Death Squads,view_video_info,title_results,2021-05-15 19:27:22
Jane,GB,Smart TV,0,vietn,Easy Rider,play,video_info,2021-05-15 19:27:10
Jane,GB,Smart TV,0,vietn,Easy Rider,view_video_info,title_results,2021-05-15 19:27:06
Jane,GB,Smart TV,0,vietn,Danger Close: The Battle of Long Tan,play,video_info,2021-05-15 19:26:48
Jane,GB,Smart TV,0,vietn,Danger Close: The Battle of Long Tan,view_video_info,title_results,2021-05-15 19:26:44
Jane,GB,iPhone,0,beat ,Beat Bugs,play,video_info,2021-05-15 06:46:38
Jane,GB,iPhone,0,beat ,Beat Bugs,view_video_info,title_results,2021-05-15 06:46:30
Jane,GB,Smart TV,0,be,Ben & Holly's Little Kingdom,play,video_info,2021-05-02 10:17:55
Jane,GB,Smart TV,0,be,Ben & Holly's Little Kingdom,view_video_info,title_results,2021-05-02 10:17:51
Jane,GB,iPhone,0,sci fi,Annihilation,view_video_info,title_results,2021-05-01 17:41:39
Jane,GB,iPhone,0,sci fi,Extinction,view_video_info,title_results,2021-05-01 17:41:25
Jane,GB,iPhone,0,sci fi,Another Life,view_video_info,title_results,2021-05-01 17:41:14
Jane,GB,iPhone,0,life,Life,view_video_info,title_results,2021-05-01 17:36:15
Jane,GB,iPhone,0,life,Life,view_video_info,title_results,2021-05-01 17:36:06
Jane,GB,iPhone,0,behind,Behind Her Eyes,view_video_info,title_results,2021-04-25 19:44:57
Jane,GB,Smart TV,0,ant,Anthony Bourdain: Parts Unknown,play,video_info,2021-04-03 16:47:12
Jane,GB,Smart TV,0,ant,Anthony Bourdain: Parts Unknown,view_video_info,title_results,2021-04-03 16:47:03
Jane,GB,Smart TV,0,spain,Two Catalonias,play,video_info,2021-04-03 16:41:57
Jane,GB,Smart TV,0,spain,Two Catalonias,view_video_info,title_results,2021-04-03 16:41:49
Jane,GB,Smart TV,0,wint,Winter's Bone,play,video_info,2021-03-26 19:25:46
Jane,GB,Smart TV,0,wint,Winter's Bone,view_video_info,title_results,2021-03-26 19:25:42
Jane,GB,Smart TV,0,fall,Falling Down,play,video_info,2021-03-14 19:35:44
Jane,GB,Smart TV,0,fall,Falling Down,view_video_info,title_results,2021-03-14 19:35:39
Jane,GB,iPhone,0,behind,Behind Her Eyes,view_video_info,title_results,2021-03-03 20:13:58
Jane,GB,Smart TV,0,lou,When Louis Met... Chris Eubank,play,video_info,2021-02-27 21:33:25
Jane,GB,Smart TV,0,lou,When Louis Met... Chris Eubank,view_video_info,title_results,2021-02-27 21:33:21
Jane,GB,Smart TV,0,lou,Louis Theroux: The City Addicted to Crystal Meth,play,video_info,2021-02-27 21:33:14
Jane,GB,Smart TV,0,lou,Louis Theroux: The City Addicted to Crystal Meth,view_video_info,title_results,2021-02-27 21:33:10
Jane,GB,Smart TV,0,lou,Louis Theroux's Weird Weekends,play,video_info,2021-02-27 21:32:51
Jane,GB,Smart TV,0,lou,Louis Theroux's Weird Weekends,view_video_info,title_results,2021-02-27 21:32:46
Jane,GB,iPhone,0,contag,Contagion,view_video_info,title_results,2021-02-06 21:51:35
Jane,GB,iPhone,0,errem,Errementari: The Blacksmith and the Devil,view_video_info,title_results,2021-01-30 22:39:38
Jane,GB,Smart TV,0,unor,Unorthodox,play,video_info,2021-01-18 20:51:16
Jane,GB,Smart TV,0,unor,Unorthodox,view_video_info,title_results,2021-01-18 20:51:11
Jane,GB,Smart TV,0,sam,The Last Samurai,play,video_info,2021-01-07 17:02:02
Jane,GB,Smart TV,0,sam,The Last Samurai,view_video_info,title_results,2021-01-07 17:01:55
Jane,GB,Smart TV,0,mu,Mulan,view_suggestion_info,suggestion_results,2021-01-02 15:15:47
Jane,GB,iPhone,0,erin ,Virgin River,view_video_info,title_results,2020-12-29 19:28:12
Jane,GB,iPhone,0,erin ,28 Days,view_video_info,title_results,2020-12-29 19:27:25
Jane,GB,iPhone,0,erin ,Erin Brockovich,view_video_info,title_results,2020-12-29 19:27:14
Jane,GB,Smart TV,0,tak,Taking Lives,play,video_info,2020-12-29 19:21:03
Jane,GB,Smart TV,0,tak,Taking Lives,view_video_info,title_results,2020-12-29 19:20:57
Jane,GB,Smart TV,0,trave,Jack Whitehall: Travels with My Father,play,video_info,2020-12-28 21:31:33
Jane,GB,Smart TV,0,trave,Jack Whitehall: Travels with My Father,view_video_info,title_results,2020-12-28 21:31:29
Jane,GB,iPhone,0,italy,Jack Whitehall: Travels with My Father,view_video_info,title_results,2020-12-28 21:30:31
Jane,GB,Smart TV,0,lor,The Lord of the Rings,view_suggestion_info,suggestion_results,2020-12-22 17:19:58
Jane,GB,Smart TV,0,war,12 Strong,play,video_info,2020-12-20 13:21:06
Jane,GB,Smart TV,0,war,12 Strong,view_video_info,title_results,2020-12-20 13:21:02
Jane,GB,Smart TV,0,cro,The Crown,play,video_info,2020-12-13 19:50:05
Jane,GB,Smart TV,0,cro,The Crown,view_video_info,title_results,2020-12-13 19:50:00
Jane,GB,Smart TV,0,a,Arthur Christmas,play,video_info,2020-12-13 14:01:24
Jane,GB,Smart TV,0,a,Arthur Christmas,view_video_info,title_results,2020-12-13 14:01:20
Jane,GB,Smart TV,0,christmas pr,A Christmas Prince: The Royal Wedding,play,video_info,2020-12-13 13:52:19
Jane,GB,Smart TV,0,christmas pr,A Christmas Prince: The Royal Wedding,view_video_info,title_results,2020-12-13 13:52:14
Jane,GB,Smart TV,0,ch,A Christmas Prince,play,video_info,2020-12-12 14:37:33
Jane,GB,Smart TV,0,ch,A Christmas Prince,view_video_info,suggestion_title_results,2020-12-12 14:37:29
Jane,GB,Smart TV,0,ch,The Princess Switch,play,video_info,2020-12-12 14:37:14
Jane,GB,Smart TV,0,ch,The Princess Switch,view_video_info,suggestion_title_results,2020-12-12 14:37:09
Jane,GB,Smart TV,0,ch,Holiday Favorites,view_suggestion_info,suggestion_results,2020-12-12 14:36:45
Jane,GB,Smart TV,0,r,Rebecca,play,video_info,2020-10-25 20:01:43
Jane,GB,Smart TV,0,r,Rebecca,view_video_info,title_results,2020-10-25 20:01:39
Jane,GB,Smart TV,0,cathe,The Duchess,play,video_info,2020-10-21 20:56:56
Jane,GB,Smart TV,0,cathe,The Duchess,view_video_info,title_results,2020-10-21 20:56:52
Jane,GB,Smart TV,0,eno,Enola Holmes,play,video_info,2020-10-16 20:23:02
Jane,GB,Smart TV,0,eno,Enola Holmes,view_video_info,title_results,2020-10-16 20:22:58
Jane,GB,iPhone,0,enola,Enola Holmes,view_video_info,title_results,2020-10-16 18:45:58
Jane,GB,Smart TV,0,bing,Hey Duggee,play,video_info,2020-10-04 09:33:38
Jane,GB,Smart TV,0,bing,Hey Duggee,view_video_info,title_results,2020-10-04 09:33:35
Jane,GB,Smart TV,0,bab,Babies,play,video_info,2020-09-28 11:47:53
Jane,GB,Smart TV,0,bab,Babies,view_video_info,suggestion_title_results,2020-09-28 11:47:49
Jane,GB,Smart TV,0,bab,Babies,view_suggestion_info,suggestion_results,2020-09-28 11:47:49
Jane,GB,Smart TV,0,vaca,Vacation,play,video_info,2020-09-17 20:15:41
Jane,GB,Smart TV,0,vaca,Vacation,view_video_info,title_results,2020-09-17 20:15:36
Jane,GB,Smart TV,0,shrl,Sherlock Holmes,play,video_info,2020-09-09 18:09:02
Jane,GB,Smart TV,0,shrl,Sherlock Holmes,view_video_info,title_results,2020-09-09 18:08:58
Jane,GB,Smart TV,0,thero,Louis Theroux's Weird Weekends,play,video_info,2020-09-07 20:44:59
Jane,GB,Smart TV,0,thero,Louis Theroux's Weird Weekends,view_video_info,title_results,2020-09-07 20:44:56
Jane,GB,Smart TV,0,thero,Louis Theroux's Weird Weekends,play,video_info,2020-09-07 20:43:42
Jane,GB,Smart TV,0,thero,Louis Theroux's Weird Weekends,view_video_info,title_results,2020-09-07 20:43:38
Jane,GB,Smart TV,0,be,Ben & Holly's Little Kingdom,play,video_info,2020-09-02 08:01:47
Jane,GB,Smart TV,0,be,Ben & Holly's Little Kingdom,view_video_info,title_results,2020-09-02 08:01:43
Jane,GB,iPhone,0,f ,F is for Family,play,video_info,2020-08-30 22:25:45
Jane,GB,iPhone,0,f ,F is for Family,play,video_info,2020-08-30 22:25:28
Jane,GB,iPhone,0,f ,F is for Family,view_video_info,title_results,2020-08-30 22:25:26
Jane,GB,iPhone,0,below,Below Deck,view_video_info,title_results,2020-08-29 16:46:39
Jane,GB,iPhone,0,skinwalker,The Cloverfield Paradox,view_video_info,title_results,2020-08-26 19:47:15
Jane,GB,Smart TV,0,she,Sherlock,play,video_info,2020-08-24 16:41:10
Jane,GB,Smart TV,0,she,Sherlock,view_video_info,title_results,2020-08-24 16:41:07
Jane,GB,iPhone,0,sherl,Sherlock,view_video_info,title_results,2020-08-20 21:33:50
Jane,GB,iPhone,0,bel,Below Deck,view_video_info,title_results,2020-08-15 18:43:55
Jane,GB,Smart TV,0,paris,Midnight in Paris,play,video_info,2020-07-24 19:00:39
Jane,GB,Smart TV,0,paris,Midnight in Paris,view_video_info,title_results,2020-07-24 19:00:35
Jane,GB,iPhone,0,jane,Jane The Virgin,view_video_info,title_results,2020-06-12 19:08:52
Jane,GB,Smart TV,0,it,It,play,video_info,2020-06-05 18:46:10
Jane,GB,Smart TV,0,it,It,view_video_info,title_results,2020-06-05 18:46:05
Jane,GB,iPhone,0,rick,Rick and Morty,view_video_info,title_results,2020-05-25 20:41:39
Jane,GB,Smart TV,0,oz,Ozark,play,video_info,2020-05-18 19:18:25
Jane,GB,Smart TV,0,oz,Ozark,view_video_info,title_results,2020-05-18 19:18:21
Jane,GB,iPhone,0,babies,Babies,view_video_info,title_results,2020-05-13 13:44:27
Jane,GB,iPhone,0,unst,Bethany Hamilton: Unstoppable,view_video_info,title_results,2020-04-13 18:36:01
Jane,GB,Smart TV,0,jacki,Snatch,play,video_info,2020-04-11 19:22:38
Jane,GB,Smart TV,0,jacki,Snatch,view_video_info,suggestion_title_results,2020-04-11 19:22:36
Jane,GB,Smart TV,0,jacki,Foxy Brown,play,video_info,2020-04-11 19:22:10
Jane,GB,Smart TV,0,jacki,Foxy Brown,view_video_info,suggestion_title_results,2020-04-11 19:22:09
Jane,GB,Smart TV,0,jacki,Jackie Brown,view_suggestion_info,suggestion_results,2020-04-11 19:22:05
Jane,GB,iPhone,0,eastern prom,The Outsider,view_video_info,title_results,2020-04-09 21:27:48
Jane,GB,Smart TV,0,dont,Don't F**k with Cats: Hunting an Internet Killer,play,video_info,2020-03-21 21:35:22
Jane,GB,Smart TV,0,dont,Don't F**k with Cats: Hunting an Internet Killer,view_video_info,title_results,2020-03-21 21:35:18
Jane,GB,Smart TV,0,dont,Don't F**k with Cats: Hunting an Internet Killer,play,video_info,2020-03-21 20:20:16
Jane,GB,Smart TV,0,dont,Don't F**k with Cats: Hunting an Internet Killer,view_video_info,title_results,2020-03-21 20:20:12
Jane,GB,Smart TV,0,north,Northern Exposure,view_suggestion_info,suggestion_results,2020-03-20 19:56:47
Jane,GB,Smart TV,0,hit,Hitchcock,view_suggestion_info,suggestion_results,2020-03-20 19:53:54
Jane,GB,Smart TV,0,you,You,play,video_info,2020-03-19 21:16:18
Jane,GB,Smart TV,0,you,You,view_video_info,title_results,2020-03-19 21:16:11
Jane,GB,Smart TV,0,you,You,play,video_info,2020-03-19 20:17:34
Jane,GB,Smart TV,0,you,You,view_video_info,title_results,2020-03-19 20:17:29
Jane,GB,Smart TV,0,din,Power Rangers Dino Charge,play,video_info,2020-02-05 14:16:12
Jane,GB,Smart TV,0,din,Power Rangers Dino Charge,view_video_info,title_results,2020-02-05 14:16:11
Jane,GB,Smart TV,0,din,Dinotrux Supercharged,play,video_info,2020-02-05 14:06:29
Jane,GB,Smart TV,0,din,Dinotrux Supercharged,view_video_info,title_results,2020-02-05 14:06:27
Jane,GB,iPhone,0,seth roga,,play,video_info,2020-02-01 21:14:20
Jane,GB,iPhone,0,seth roga,Long shot,view_video_info,title_results,2020-02-01 21:14:14
Jane,GB,Smart TV,0,,The Witcher,play,video_info,2020-01-25 19:01:33
Jane,GB,Smart TV,0,,The Witcher,view_video_info,popularSearches,2020-01-25 19:01:28
Jane,GB,Smart TV,0,i,The Irishman,play,video_info,2020-01-24 19:30:33
Jane,GB,Smart TV,0,i,The Irishman,view_video_info,title_results,2020-01-24 19:30:28
Jane,GB,Smart TV,0,innch,Falling Inn Love,play,video_info,2019-12-10 10:31:34
Jane,GB,Smart TV,0,innch,Falling Inn Love,view_video_info,title_results,2019-12-10 10:31:30
Jane,GB,Smart TV,0,inn,Falling Inn Love,play,video_info,2019-12-10 10:31:03
Jane,GB,Smart TV,0,inn,Falling Inn Love,view_video_info,title_results,2019-12-10 10:30:58
Jane,GB,Smart TV,0,ups,Upstart Crow,play,video_info,2019-11-30 21:07:15
Jane,GB,Smart TV,0,ups,Upstart Crow,view_video_info,title_results,2019-11-30 21:07:11
Jane,GB,Smart TV,0,dolly,Dolly Parton's Heartstrings,play,video_info,2019-11-30 21:04:18
Jane,GB,Smart TV,0,dolly,Dolly Parton's Heartstrings,view_video_info,title_results,2019-11-30 21:04:13
Jane,GB,Smart TV,0,acast,James Acaster: Repertoire,play,video_info,2019-11-17 10:09:32
Jane,GB,Smart TV,0,acast,James Acaster: Repertoire,view_video_info,title_results,2019-11-17 10:09:29
Jane,GB,Xbox_One_X,0,dog,Pick of the Litter,play,video_info,2019-11-03 15:59:07
Jane,GB,Xbox_One_X,0,dog,Pick of the Litter,view_video_info,title_results,2019-11-03 15:59:05
Jane,GB,Xbox_One_X,0,dog,Benji,play,video_info,2019-11-03 15:59:00
Jane,GB,Xbox_One_X,0,dog,Benji,view_video_info,title_results,2019-11-03 15:58:59
Jane,GB,Xbox_One_X,0,dog,Dogs,play,video_info,2019-11-03 15:57:34
Jane,GB,Xbox_One_X,0,dog,Dogs,view_video_info,title_results,2019-11-03 15:57:32
Jane,GB,Xbox_One_X,0,dog,Pick of the Litter,play,video_info,2019-11-03 15:57:26
Jane,GB,Xbox_One_X,0,dog,Pick of the Litter,view_video_info,title_results,2019-11-03 15:57:24
Jane,GB,iPhone,0,dog,Dogs,view_video_info,title_results,2019-11-03 15:56:02
Jane,GB,Xbox_One_X,0,dr f,Doctor Foster,play,video_info,2019-11-01 15:02:44
Jane,GB,Xbox_One_X,0,dr f,Doctor Foster,view_video_info,title_results,2019-11-01 15:02:41
Jane,GB,Xbox_One_X,0,dr f,Doctor Foster,play,video_info,2019-11-01 14:52:07
Jane,GB,Xbox_One_X,0,dr f,Doctor Foster,view_video_info,title_results,2019-11-01 14:52:04
Jane,GB,Xbox_One_X,0,slow,Bob Ross: Beauty Is Everywhere,play,video_info,2019-10-31 19:23:29
Jane,GB,Xbox_One_X,0,slow,Bob Ross: Beauty Is Everywhere,view_video_info,suggestion_title_results,2019-10-31 19:23:27
Jane,GB,Xbox_One_X,0,slow,Slow TV: Train Ride Bergen to Oslo,view_suggestion_info,suggestion_results,2019-10-31 19:23:01
Jane,GB,iPhone,0,180 de,The Dawn Wall,view_video_info,title_results,2019-10-27 14:46:42
Jane,GB,Smart TV,0,mind,MINDHUNTER,play,video_info,2019-10-08 18:35:36
Jane,GB,Smart TV,0,mind,MINDHUNTER,view_video_info,title_results,2019-10-08 18:35:36
Jane,GB,Xbox_One_X,0,sight,Otherhood,play,video_info,2019-09-24 17:11:18
Jane,GB,Xbox_One_X,0,sight,Otherhood,view_video_info,title_results,2019-09-24 17:11:13
Jane,GB,Xbox_One_X,0,sight,Losing Sight of Shore,play,video_info,2019-09-24 16:03:57
Jane,GB,Xbox_One_X,0,sight,Losing Sight of Shore,view_video_info,title_results,2019-09-24 16:03:56
Jane,GB,Xbox_One_X,0,charl,Charlie Wilson's War,play,video_info,2019-09-23 19:34:54
Jane,GB,Xbox_One_X,0,charl,Charlie Wilson's War,view_video_info,title_results,2019-09-23 19:34:54
Jane,GB,iPhone,0,wor,Workin' Moms,view_video_info,title_results,2019-09-16 03:12:45
Jane,GB,iPhone,0,wor,The World's Most Extraordinary Homes,view_video_info,title_results,2019-09-16 03:12:32
Jane,GB,iPhone,0,wor,Workin' Moms,view_video_info,title_results,2019-09-16 03:12:19
Jane,GB,iPhone,0,the let,The Letdown,view_video_info,title_results,2019-09-16 03:11:53
Jane,GB,iPhone,0,fost,Jane The Virgin,view_video_info,title_results,2019-09-16 03:11:18
Jane,GB,Smart TV,0,trav,Jack Whitehall: Travels with My Father,view_video_info,title_results,2019-09-06 20:55:57
Jane,GB,Smart TV,0,trav,Jack Whitehall: Travels with My Father,play,video_info,2019-09-06 20:55:57
Jane,GB,Smart TV,0,form,Formula 1: Drive to Survive,play,video_info,2019-08-16 20:11:59
Jane,GB,Smart TV,0,form,Formula 1: Drive to Survive,view_video_info,title_results,2019-08-16 20:11:59
Jane,GB,Smart TV,0,lia,Pretty Little Liars,play,video_info,2019-08-14 08:33:02
Jane,GB,Smart TV,0,lia,Pretty Little Liars,view_video_info,title_results,2019-08-14 08:33:02
Jane,GB,Smart TV,0,free,The Dawn Wall,play,video_info,2019-08-10 20:51:56
Jane,GB,Smart TV,0,free,The Dawn Wall,view_video_info,title_results,2019-08-10 20:51:56
Jane,GB,Smart TV,0,made ,American Made,view_video_info,title_results,2019-08-03 19:39:28
Jane,GB,Smart TV,0,made ,American Made,play,video_info,2019-08-03 19:39:28
Jane,GB,Smart TV,0,lif,Life in the Doghouse,view_video_info,title_results,2019-06-22 21:17:16
Jane,GB,Smart TV,0,lif,Life in the Doghouse,play,video_info,2019-06-22 21:17:16
Jane,GB,iPhone,0,prett,I Feel Pretty,view_video_info,title_results,2019-04-27 06:43:22
Jane,GB,MVPD STB,0,g,Ant-Man,play,video_info,2019-04-06 21:59:52
Jane,GB,MVPD STB,0,g,Ant-Man,view_video_info,suggestion_title_results,2019-04-06 21:59:35
Jane,GB,MVPD STB,0,g,Guardians of the Galaxy,view_suggestion_info,suggestion_results,2019-04-06 21:58:29
Jane,GB,MVPD STB,0,goo,Good Girls,play,video_info,2019-04-06 21:09:41
Jane,GB,MVPD STB,0,goo,Good Girls,view_video_info,title_results,2019-04-06 21:09:34
Jane,GB,Smart TV,0,broke,Karl Meltzer: Made to Be Broken,view_video_info,title_results,2019-03-12 20:35:23
Jane,GB,Smart TV,0,broke,Karl Meltzer: Made to Be Broken,play,video_info,2019-03-12 20:35:23
Jane,GB,iPhone,0,the daw,The Dawn Wall,view_video_info,title_results,2019-03-12 20:34:13
Jane,GB,Smart TV,0,ver,American Crime Story,play,video_info,2019-02-26 19:52:24
Jane,GB,Smart TV,0,ver,American Crime Story,view_video_info,title_results,2019-02-26 19:52:24
Jane,GB,iPhone,0,abducti,Abducted in Plain Sight,view_video_info,title_results,2019-02-22 19:57:42
Jane,GB,Smart TV,0,ende,Endeavour,view_suggestion_info,suggestion_results,2019-02-10 20:05:41
Jane,GB,iPhone,0,parts,Anthony Bourdain: Parts Unknown,play,video_info,2019-02-10 14:14:59
Jane,GB,iPhone,0,parts,Anthony Bourdain: Parts Unknown,view_video_info,title_results,2019-02-10 14:14:53
Jane,GB,Smart TV,0,sp,Split,play,video_info,2019-02-03 18:42:53
Jane,GB,Smart TV,0,sp,Split,view_video_info,title_results,2019-02-03 18:42:53
Jane,GB,Smart TV,0,rom,ROMA,view_video_info,title_results,2019-01-27 19:16:49
Jane,GB,Smart TV,0,rom,ROMA,play,video_info,2019-01-27 19:16:49
Jane,GB,Smart TV,0,sta,Star Trek: Discovery,play,video_info,2019-01-27 18:17:23
Jane,GB,Smart TV,0,sta,Star Trek: Discovery,view_video_info,title_results,2019-01-27 18:17:23
Jane,GB,Smart TV,0,fy,FYRE: The Greatest Party That Never Happened,view_video_info,title_results,2019-01-18 19:33:25
Jane,GB,Smart TV,0,fy,FYRE: The Greatest Party That Never Happened,play,video_info,2019-01-18 19:33:25
Jane,GB,Smart TV,0,ali,The Alienist,view_video_info,title_results,2018-12-09 19:51:06
Jane,GB,Smart TV,0,ali,The Alienist,play,video_info,2018-12-09 19:51:06
Jane,GB,Smart TV,0,prisn,Prisoners,play,video_info,2018-12-08 19:31:10
Jane,GB,Smart TV,0,prisn,Prisoners,view_video_info,title_results,2018-12-08 19:31:10
Jane,GB,Smart TV,0,stat,State of Play,play,video_info,2018-12-08 19:30:49
Jane,GB,Smart TV,0,stat,State of Play,view_video_info,title_results,2018-12-08 19:30:49
Jane,GB,Smart TV,0,lov,Love Actually,play,video_info,2018-12-08 16:44:59
Jane,GB,Smart TV,0,lov,Love Actually,view_video_info,title_results,2018-12-08 16:44:59
Jane,GB,Smart TV,0,coop,Love the Coopers,view_video_info,title_results,2018-12-08 15:12:23
Jane,GB,Smart TV,0,coop,Love the Coopers,play,video_info,2018-12-08 15:12:23
Jane,GB,Smart TV,0,roy,A Christmas Prince: The Royal Wedding,play,video_info,2018-12-08 14:42:40
Jane,GB,Smart TV,0,roy,A Christmas Prince: The Royal Wedding,view_video_info,title_results,2018-12-08 14:42:40
Jane,GB,iPhone,0,angela,Angela's Christmas,view_video_info,title_results,2018-12-07 17:50:47
Jane,GB,Smart TV,0,pass,Passengers,view_video_info,title_results,2018-12-02 20:02:57
Jane,GB,Smart TV,0,noc,Nocturnal Animals,play,video_info,2018-11-30 21:14:12
Jane,GB,Smart TV,0,noc,Nocturnal Animals,play,title_results,2018-11-30 21:11:43
Jane,GB,iPhone,0,anth,Anthony Bourdain: Parts Unknown,play,video_info,2018-11-30 20:03:22
Jane,GB,iPhone,0,anth,Anthony Bourdain: Parts Unknown,play,video_info,2018-11-30 20:03:02
Jane,GB,iPhone,0,anth,Anthony Bourdain: Parts Unknown,view_video_info,title_results,2018-11-30 20:02:40
Jane,GB,Smart TV,0,uhd,Outlaw King,play,video_info,2018-11-16 20:25:20
Jane,GB,Smart TV,0,uhd,Outlaw King,view_video_info,suggestion_title_results,2018-11-16 20:25:20
Jane,GB,Smart TV,0,uhd,House of Cards,play,video_info,2018-11-16 20:22:37
Jane,GB,Smart TV,0,uhd,House of Cards,view_video_info,suggestion_title_results,2018-11-16 20:22:36
Jane,GB,Smart TV,0,uhd,Outlaw King,view_video_info,suggestion_title_results,2018-11-16 20:22:13
Jane,GB,Smart TV,0,uhd,Outlaw King,play,video_info,2018-11-16 20:22:13
Jane,GB,Smart TV,0,uhd,UHD,view_suggestion_info,suggestion_results,2018-11-16 20:22:09
Jane,GB,iPhone,0,christmas pri,A Christmas Prince,view_video_info,title_results,2018-11-16 12:20:48
Jane,GB,iPhone,0,christmas pri,A Christmas Prince: The Royal Wedding,view_video_info,title_results,2018-11-16 12:20:20
Jane,GB,Smart TV,0,out ,Out of Thin Air,view_video_info,title_results,2018-10-28 21:36:40
Jane,GB,Smart TV,0,out ,Out of Thin Air,play,video_info,2018-10-28 21:36:40
Jane,GB,iPhone,0,parts unkn,Anthony Bourdain: Parts Unknown,play,video_info,2018-10-22 18:39:11
Jane,GB,iPhone,0,parts unkn,Anthony Bourdain: Parts Unknown,play,video_info,2018-10-22 18:39:05
Jane,GB,iPhone,0,parts unkn,Anthony Bourdain: Parts Unknown,view_video_info,title_results,2018-10-22 18:39:02
Jane,GB,iPad,0,roma,ROMA,view_video_info,title_results,2018-10-21 18:21:34
Jane,GB,iPad,0,ballad of buster,The Ballad of Buster Scruggs,view_video_info,title_results,2018-10-21 18:21:21
Jane,GB,iPad,0,making,Making a Murderer,view_video_info,title_results,2018-10-21 17:54:56
Jane,GB,iPhone,0,ant,Anthony Bourdain: Parts Unknown,play,video_info,2018-10-20 18:45:39
Jane,GB,iPhone,0,ant,Anthony Bourdain: Parts Unknown,play,video_info,2018-10-20 18:44:02
Jane,GB,iPhone,0,ant,Anthony Bourdain: Parts Unknown,view_video_info,title_results,2018-10-20 18:44:00
Jane,GB,Smart TV,0,r,Rick and Morty,view_video_info,title_results,2018-10-19 17:45:24
Jane,GB,Smart TV,0,r,Rick and Morty,play,video_info,2018-10-19 17:45:24
Jane,GB,Smart TV,0,r,Rick and Morty,play,video_info,2018-10-19 17:37:15
Jane,GB,Smart TV,0,r,Rick and Morty,view_video_info,title_results,2018-10-19 17:37:15
Jane,GB,iPhone,0,fat,Salt Fat Acid Heat,play,video_info,2018-10-14 16:39:30
Jane,GB,iPhone,0,fat,Salt Fat Acid Heat,play,video_info,2018-10-14 16:38:57
Jane,GB,iPhone,0,fat,Salt Fat Acid Heat,view_video_info,title_results,2018-10-14 16:38:55
Jane,GB,Smart TV,0,wiv,Three Wives One Husband,view_video_info,title_results,2018-10-14 13:46:25
Jane,GB,Smart TV,0,wiv,Three Wives One Husband,play,video_info,2018-10-14 13:46:25
Jane,GB,Smart TV,0,trav,Jack Whitehall: Travels with My Father,play,video_info,2018-10-13 22:09:47
Jane,GB,Smart TV,0,trav,Jack Whitehall: Travels with My Father,view_video_info,title_results,2018-10-13 22:09:47
Jane,GB,,0,lost,The Lost World,view_suggestion_info,suggestion_results,2018-09-29 19:44:44
Jane,GB,,0,dex,MINDHUNTER,play,video_info,2018-09-09 18:06:21
Jane,GB,,0,dex,MINDHUNTER,view_video_info,suggestion_title_results,2018-09-09 18:06:21
Jane,GB,,0,dex,MINDHUNTER,view_video_info,suggestion_title_results,2018-09-09 17:58:31
Jane,GB,,0,dex,MINDHUNTER,play,video_info,2018-09-09 17:58:31
Jane,GB,,0,dex,Dexter,view_suggestion_info,suggestion_results,2018-09-09 17:58:27
Jane,GB,Xbox,0,home,home again,play,video_info,2018-08-26 12:12:29
Jane,GB,Xbox,0,home,home again,view_video_info,title_results,2018-08-26 12:12:29
Jane,GB,Smart TV,0,lon,mississippi burning,play,video_info,2018-08-25 19:24:49
Jane,GB,Smart TV,0,lon,-1,view_video_info,title_results,2018-08-25 19:24:49
Jane,GB,Smart TV,0,lon,-1,play,title_results,2018-08-25 19:24:27
Jane,GB,Smart TV,0,lon,-1,view_video_info,title_results,2018-08-25 19:24:27
Jane,GB,Smart TV,0,lon,-1,view_video_info,title_results,2018-08-25 19:24:17
Jane,GB,Smart TV,0,lon,american psycho,play,video_info,2018-08-25 19:24:17
Jane,GB,Smart TV,0,lon,lone survivor,play,video_info,2018-08-25 19:23:47
Jane,GB,Smart TV,0,lon,lone survivor,view_video_info,title_results,2018-08-25 19:23:47
Jane,GB,Smart TV,0,shu,shutter island,view_suggestion_info,suggestion_results,2018-08-25 19:20:53
Jane,GB,iPad,0,slow west,slow west,view_suggestion_info,suggestion_results,2018-08-15 20:34:52
Jane,GB,Smart TV,0,ma,marvel comics,view_suggestion_info,suggestion_results,2018-07-27 17:57:58
Jane,GB,iPad,0,canada,departures,view_video_info,title_results,2018-07-02 22:53:19
Jane,GB,iPad,0,the sta,the staircase,view_video_info,title_results,2018-07-02 22:45:45
Jane,GB,Smart TV,0,gerv,ricky gervais: humanity,play,video_info,2018-06-02 23:54:17
Jane,GB,Smart TV,0,gerv,ricky gervais: humanity,view_video_info,title_results,2018-06-02 23:54:17
Jane,GB,Smart TV,0,kath,katherine ryan: in trouble,play,video_info,2018-06-02 23:49:49
Jane,GB,Smart TV,0,kath,katherine ryan: in trouble,view_video_info,title_results,2018-06-02 23:49:49
Jane,GB,iPhone,0,jack,jack whitehall: travels with my father,view_video_info,title_results,2018-06-02 23:47:28
Jane,GB,Smart TV,0,ibi,ibiza,play,video_info,2018-06-02 21:52:19
Jane,GB,Smart TV,0,ibi,ibiza,view_video_info,title_results,2018-06-02 21:52:19
Jane,GB,Smart TV,0,grac,grace jones: bloodlight and bami,view_video_info,title_results,2018-06-02 20:58:40
Jane,GB,Smart TV,0,grac,grace jones: bloodlight and bami,play,video_info,2018-06-02 20:58:40
Jane,GB,iPhone,0,ib,ibiza,view_video_info,title_results,2018-06-02 20:54:39
Jane,GB,Xbox,0,leag,the league of gentlemen,play,video_info,2018-05-18 20:51:41
Jane,GB,Xbox,0,leag,the league of gentlemen,view_video_info,title_results,2018-05-18 20:51:28
Jane,GB,Xbox,0,leag,the league of gentlemen,play,video_info,2018-05-18 20:51:28
Jane,GB,Xbox,0,faw,fawlty towers,play,video_info,2018-05-18 20:36:12
Jane,GB,Xbox,0,faw,fawlty towers,play,video_info,2018-05-18 20:35:52
Jane,GB,Xbox,0,faw,fawlty towers,view_video_info,title_results,2018-05-18 20:35:52
Jane,GB,Smart TV,0,blac,blackadder,play,video_info,2018-04-14 21:14:53
Jane,GB,Smart TV,0,blac,blackadder,play,video_info,2018-04-14 19:54:34
Jane,GB,Smart TV,0,blac,blackadder,play,video_info,2018-04-14 19:54:21
Jane,GB,Smart TV,0,blac,blackadder,view_video_info,title_results,2018-04-14 19:54:21
Jane,GB,Xbox One,0,joy,joy,play,video_info,2018-03-30 15:34:33
Jane,GB,Xbox One,0,joy,joy,view_video_info,title_results,2018-03-30 15:34:33
Jane,GB,iPhone,0,inside man,-1,add_to_list,video_info,2018-03-16 08:53:07
Jane,GB,iPhone,0,inside man,inside man,view_video_info,title_results,2018-03-16 08:53:01
Jane,GB,iPad,0,it cr,-1,add_to_list,video_info,2018-03-01 21:19:53
Jane,GB,iPad,0,it cr,the it crowd,view_video_info,title_results,2018-03-01 21:19:49
Jane,GB,Smart TV,0,pea,peaky blinders,view_video_info,title_results,2018-03-01 19:59:32
Jane,GB,Smart TV,0,pea,peaky blinders,play,video_info,2018-03-01 19:59:32
Jane,AU,Laptop/Desktop,0,black ,black books,play,title_results,2018-03-01 17:02:15
Jane,AU,Laptop/Desktop,0,the it ,the it crowd,view_video_info,title_results,2018-03-01 16:37:48
Jane,AU,Laptop/Desktop,0,the it ,the it crowd,play,video_info,2018-03-01 16:37:36
Jane,AU,Laptop/Desktop,0,the it ,the it crowd,view_video_info,title_results,2018-03-01 16:37:05
Jane,GB,Smart TV,0,weird ,wargames,add_to_list,video_info,2018-02-25 22:44:35
Jane,GB,Smart TV,0,weird ,-1,view_video_info,suggestion_title_results,2018-02-25 22:44:33
Jane,GB,Smart TV,0,weird ,wargames,play,video_info,2018-02-25 22:44:33
Jane,GB,Smart TV,0,weird ,-1,view_suggestion_info,suggestion_results,2018-02-25 22:44:23
Jane,GB,Smart TV,0,ferr,ferris bueller's day off,view_video_info,title_results,2018-02-25 18:09:04
Jane,GB,Smart TV,0,ferr,ferris bueller's day off,play,video_info,2018-02-25 18:09:04
Jane,GB,iPad,0,clo,the cloverfield paradox,view_video_info,title_results,2018-02-11 19:16:43
Jane,GB,iPhone,0,dont look,don't look now,view_suggestion_info,suggestion_results,2018-02-10 18:23:11
Jane,GB,Smart TV,0,slo,slow tv: the telemark canal,play,video_info,2018-02-09 21:05:03
Jane,GB,Smart TV,0,slo,slow tv: the telemark canal,view_video_info,title_results,2018-02-09 21:05:03
Jane,GB,Smart TV,0,slo,slow tv: northern passage,view_video_info,title_results,2018-02-09 21:04:14
Jane,GB,Smart TV,0,slo,slow tv: northern passage,play,video_info,2018-02-09 21:04:14
Jane,GB,iPad,0,cloverf,the cloverfield paradox,view_video_info,suggestion_title_results,2018-02-09 20:52:32
Jane,GB,iPad,0,cloverf,10 cloverfield lane,view_suggestion_info,suggestion_results,2018-02-09 20:52:29
Jane,GB,Smart TV,0,slow,slow tv: salmon fishing,play,video_info,2018-02-07 22:07:26
Jane,GB,Smart TV,0,slow,slow tv: salmon fishing,view_video_info,title_results,2018-02-07 22:07:26
Jane,GB,Smart TV,0,slow,slow tv: national firewood morning,add_to_list,video_info,2018-02-07 22:07:09
Jane,GB,Smart TV,0,slow,slow tv: national firewood morning,view_video_info,title_results,2018-02-07 22:07:06
Jane,GB,Smart TV,0,slow,slow tv: national firewood morning,play,video_info,2018-02-07 22:07:06
Jane,GB,Smart TV,0,slow,slow tv: national firewood morning,view_video_info,title_results,2018-02-07 22:06:43
Jane,GB,Smart TV,0,slow,slow tv: national firewood morning,play,video_info,2018-02-07 22:06:43
Jane,GB,iPhone,0,slow,-1,add_to_list,video_info,2018-02-07 11:50:59
Jane,GB,iPhone,0,slow,slow tv: train ride bergen to oslo,view_video_info,title_results,2018-02-07 11:50:54
Jane,GB,Smart TV,0,ala,i'm alan partridge,play,video_info,2018-01-27 19:47:51
Jane,GB,Smart TV,0,ala,i'm alan partridge,play,video_info,2018-01-27 19:03:05
Jane,GB,Smart TV,0,ala,i'm alan partridge,play,video_info,2018-01-27 19:02:57
Jane,GB,Smart TV,0,ala,i'm alan partridge,view_video_info,title_results,2018-01-27 18:31:56
Jane,GB,Smart TV,0,ala,i'm alan partridge,play,video_info,2018-01-27 18:31:56
Jane,GB,iPhone,0,maru,the martian,view_video_info,title_results,2018-01-21 17:23:44
Jane,GB,iPhone,0,maru,meru,view_video_info,title_results,2018-01-21 17:22:53
Jane,GB,Smart TV,0,mer,meru,play,video_info,2018-01-01 16:30:08
Jane,GB,Smart TV,0,mer,meru,view_video_info,title_results,2018-01-01 16:30:08
Jane,GB,iPhone,0,bridge ,bridge of spies,view_video_info,title_results,2017-12-26 20:44:38
Jane,GB,iPhone,0,hackshaw,hacksaw ridge,view_video_info,title_results,2017-12-26 20:44:30
Jane,GB,iPhone,0,drive,drive,view_video_info,title_results,2017-12-26 20:43:28
Jane,GB,Xbox One,0,spec,spectre,view_suggestion_info,suggestion_results,2017-12-25 18:48:04
Jane,GB,iPhone,0,casino,casino royale,view_suggestion_info,suggestion_results,2017-12-24 19:45:14
Jane,GB,Xbox One,0,the ni,the night before,play,video_info,2017-12-09 15:00:01
Jane,GB,Xbox One,0,the ni,the night before,view_video_info,title_results,2017-12-09 15:00:01
Jane,AU,Laptop/Desktop,0,ala,aladdin,play,title_results,2017-12-06 13:19:09
Jane,AU,Laptop/Desktop,0,batman,evolution,play,title_results,2017-12-04 15:19:33
Jane,AU,Laptop/Desktop,0,batman,the dark knight rises,play,title_results,2017-12-04 12:29:05
Jane,GB,Smart TV,0,dadd,daddy's home,view_video_info,title_results,2017-12-03 16:00:44
Jane,GB,Smart TV,0,dadd,daddy's home,play,video_info,2017-12-03 16:00:44
Jane,GB,Smart TV,0,dj,django unchained,play,video_info,2017-12-02 19:49:45
Jane,GB,Smart TV,0,dj,django unchained,view_video_info,title_results,2017-12-02 19:49:45
Jane,GB,iPhone,0,jackie brown,foxy brown,view_video_info,title_results,2017-12-02 19:40:11
Jane,GB,Smart TV,0,jim,"jim & andy: the great beyond - featuring a very special, contractually obligated mention of tony clifton",view_video_info,title_results,2017-12-02 19:14:21
Jane,GB,Smart TV,0,jim,"jim & andy: the great beyond - featuring a very special, contractually obligated mention of tony clifton",play,video_info,2017-12-02 19:14:21
Jane,AU,Laptop/Desktop,0,tranc,transcendence,play,title_results,2017-12-01 13:00:42
Jane,GB,Xbox One,0,mob,making of the mob,view_video_info,title_results,2017-11-28 20:21:06
Jane,GB,Xbox One,0,mob,making of the mob,play,video_info,2017-11-28 20:21:06
Jane,AU,Laptop/Desktop,0,scarey movie,scary movie 2,play,title_results,2017-11-27 12:51:30
Jane,AU,Laptop/Desktop,0,human plan,kill bill: vol. 2,play,title_results,2017-11-26 14:36:21
Jane,AU,Laptop/Desktop,0,human plan,south pacific,play,title_results,2017-11-26 13:37:46
Jane,AU,Laptop/Desktop,0,elf,white chicks,play,title_results,2017-11-26 05:42:58
Jane,GB,Smart TV,0,elys,elysium,play,video_info,2017-11-25 21:48:23
Jane,GB,Smart TV,0,elys,elysium,view_video_info,title_results,2017-11-25 21:48:23
Jane,GB,Smart TV,0,wick,john wick,view_video_info,title_results,2017-11-25 19:43:27
Jane,GB,Smart TV,0,wick,john wick,play,video_info,2017-11-25 19:43:27
Jane,AU,Laptop/Desktop,0,american pie,"pablo escobar, el patr√≥n del mal",play,title_results,2017-11-25 15:22:24
Jane,AU,Laptop/Desktop,0,american pie,white chicks,play,title_results,2017-11-25 15:22:08
Jane,AU,Laptop/Desktop,0,the hang,bad santa,play,title_results,2017-11-25 13:42:51
Jane,AU,Laptop/Desktop,0,the hang,sex tape,play,title_results,2017-11-25 12:27:01
Jane,AU,Laptop/Desktop,0,deadpool,deadpool,view_suggestion_info,suggestion_results,2017-11-24 11:36:24
Jane,GB,Smart TV,0,wil,great wild north,play,video_info,2017-11-22 21:00:00
Jane,GB,Smart TV,0,wil,great wild north,view_video_info,title_results,2017-11-22 21:00:00
Jane,AU,Laptop/Desktop,0,schindlers list,schindler's list,play,title_results,2017-11-18 13:49:04
Jane,AU,Laptop/Desktop,0,chamge,chappie,play,title_results,2017-11-16 13:23:47
Jane,AU,Laptop/Desktop,0,brave,braveheart,play,title_results,2017-11-15 12:06:57
Jane,US,Laptop/Desktop,0,ver,versailles,view_video_info,title_results,2017-11-15 07:02:42
Jane,US,Laptop/Desktop,0,ver,very british problems,view_video_info,title_results,2017-11-15 07:02:26
Jane,US,Laptop/Desktop,0,ver,versailles,view_video_info,title_results,2017-11-15 07:02:25
Jane,AU,Laptop/Desktop,0,russell howard,russell howard,view_suggestion_info,suggestion_results,2017-11-13 03:57:50
Jane,AU,Laptop/Desktop,0,the walking dead,,play,,2017-11-13 03:57:12
Jane,AU,Laptop/Desktop,0,blow,black mirror,play,title_results,2017-11-12 14:39:11
Jane,AU,Laptop/Desktop,0,blow,narcos,play,title_results,2017-11-12 13:44:42
Jane,AU,Laptop/Desktop,0,blow,man on fire,play,title_results,2017-11-12 11:13:38
Jane,AU,Laptop/Desktop,0,unbrok,chasing mavericks,play,title_results,2017-11-12 10:08:07
Jane,AU,Laptop/Desktop,0,martian,transcendence,play,title_results,2017-11-12 08:01:05
Jane,SG,Laptop/Desktop,0,the real housewi,the hotwives of orlando,view_video_info,title_results,2017-11-10 08:04:01
Jane,SG,Laptop/Desktop,0,the real housewi,orange is the new black,view_video_info,title_results,2017-11-10 08:03:59
Jane,SG,Laptop/Desktop,0,the real housewi,orange is the new black,play,video_info,2017-11-10 08:03:50
Jane,SG,Laptop/Desktop,0,the real housewi,orange is the new black,view_video_info,title_results,2017-11-10 08:03:42
Jane,SG,Laptop/Desktop,0,oran,the real housewives of orange county,view_suggestion_info,suggestion_results,2017-11-10 08:03:04
Jane,SG,Laptop/Desktop,0,orange,orange is the new black,play,video_info,2017-11-10 05:42:09
Jane,SG,Laptop/Desktop,0,orange,orange is the new black,play,video_info,2017-11-10 05:40:20
Jane,SG,Laptop/Desktop,0,orange,orange is the new black,view_video_info,title_results,2017-11-10 05:40:09
Jane,AU,Laptop/Desktop,0,parent tr,the parent trap,play,video_info,2017-11-09 05:38:23
Jane,AU,Laptop/Desktop,0,parent tr,the parent trap,view_video_info,title_results,2017-11-09 05:38:18
Jane,AU,Laptop/Desktop,0,sabrin,13 going on 30,play,title_results,2017-11-09 03:07:00
Jane,AU,Laptop/Desktop,0,ed,enemy at the gates,play,title_results,2017-11-08 16:21:29
Jane,AU,Laptop/Desktop,0,back to the,back to the future,play,title_results,2017-11-03 10:45:17
Jane,AU,Laptop/Desktop,0,sil,great barrier reef with david attenborough,play,title_results,2017-10-30 16:15:29
Jane,AU,Laptop/Desktop,0,sil,silence of the lambs,view_video_info,title_results,2017-10-30 16:07:01
Jane,AU,Laptop/Desktop,0,sil,silence of the lambs,play,video_info,2017-10-30 15:40:00
Jane,AU,Laptop/Desktop,0,sil,silence of the lambs,view_video_info,title_results,2017-10-30 15:39:58
Jane,AU,Laptop/Desktop,0,jack wh,jack whitehall: travels with my father,view_video_info,title_results,2017-10-30 15:30:12
Jane,AU,Laptop/Desktop,0,jack wh,shallow hal,play,video_info,2017-10-30 14:49:45
Jane,AU,Laptop/Desktop,0,jack wh,jack whitehall: travels with my father,view_video_info,title_results,2017-10-30 14:46:22
Jane,AU,Laptop/Desktop,0,jack wh,jack whitehall: travels with my father,play,title_results,2017-10-30 14:42:28
Jane,AU,Laptop/Desktop,0,jack wh,jack whitehall: travels with my father,play,title_results,2017-10-30 14:41:42
Jane,AU,Laptop/Desktop,0,adventure time,silence of the lambs,play,title_results,2017-10-30 13:07:05
Jane,AU,Laptop/Desktop,0,great barr,great barrier reef with david attenborough,play,title_results,2017-10-30 12:13:28
Jane,AU,Laptop/Desktop,0,in,inglourious basterds,play,title_results,2017-10-25 10:25:54
Jane,AU,Laptop/Desktop,0,jackass,amy,play,title_results,2017-10-24 14:25:25
Jane,AU,Laptop/Desktop,0,inbetweener,the inbetweeners,view_video_info,title_results,2017-10-24 14:20:38
Jane,AU,Laptop/Desktop,0,cras,tropic thunder,play,title_results,2017-10-24 12:09:00
Jane,AU,Laptop/Desktop,0,cras,charlie's angels,play,title_results,2017-10-24 11:17:25
Jane,AU,Laptop/Desktop,0,cras,yellowstone: battle for life,play,title_results,2017-10-24 10:03:05
Jane,AU,Laptop/Desktop,0,rogue,jackass: number two,play,video_info,2017-10-22 11:46:56
Jane,AU,Laptop/Desktop,0,rogue,stranger things,play,video_info,2017-10-22 11:44:18
Jane,AU,Laptop/Desktop,0,rogue,the pyramid code,play,video_info,2017-10-22 11:36:42
Jane,AU,Laptop/Desktop,0,rogue,sharknado,view_video_info,title_results,2017-10-22 11:33:13
Jane,AU,Laptop/Desktop,0,rogue,the core,view_video_info,title_results,2017-10-22 11:33:10
Jane,AU,Laptop/Desktop,0,rogue,sharknado,view_video_info,title_results,2017-10-22 11:33:10
Jane,AU,Laptop/Desktop,0,rogue,battle: los angeles,view_video_info,title_results,2017-10-22 11:33:06
Jane,AU,Laptop/Desktop,0,rogue,deep impact,view_video_info,title_results,2017-10-22 11:33:04
Jane,AU,Laptop/Desktop,0,rogue,the happening,view_video_info,title_results,2017-10-22 11:33:02
Jane,AU,Laptop/Desktop,0,rogue,san andreas,view_video_info,title_results,2017-10-22 11:32:59
Jane,AU,Laptop/Desktop,0,rogue,gravity,view_video_info,title_results,2017-10-22 11:32:55
Jane,AU,Laptop/Desktop,0,rogue,the day after tomorrow,view_video_info,title_results,2017-10-22 11:32:39
Jane,AU,Laptop/Desktop,0,rogue,stranger things,play,title_results,2017-10-22 11:32:38
Jane,AU,Laptop/Desktop,0,rogue,hot girls wanted: turned on,play,title_results,2017-10-22 10:29:40
Jane,AU,Laptop/Desktop,0,rogue,stranger things,play,title_results,2017-10-22 10:29:00
Jane,AU,Laptop/Desktop,0,rogue,the happening,play,title_results,2017-10-22 10:28:27
Jane,AU,Laptop/Desktop,0,rogue,stranger things,play,title_results,2017-10-22 10:05:33
Jane,GB,Smart TV,0,gaga,gaga: five foot two,view_video_info,title_results,2017-10-21 17:09:36
Jane,GB,Smart TV,0,gaga,gaga: five foot two,play,video_info,2017-10-21 17:09:36
Jane,AU,Laptop/Desktop,0,the inbetweeners,the inbetweeners,play,title_results,2017-10-18 13:26:57
Jane,AU,Laptop/Desktop,0,jack whitehall,jack whitehall: travels with my father,view_video_info,title_results,2017-10-11 14:31:46
Jane,AU,Laptop/Desktop,0,jack whitehall,jack whitehall: travels with my father,play,title_results,2017-10-11 12:59:19
Jane,AU,Laptop/Desktop,0,jack whitehall,jack whitehall: travels with my father,view_video_info,title_results,2017-10-11 12:59:15
Jane,AU,Laptop/Desktop,0,jack whitehall,fresh meat,view_video_info,title_results,2017-10-11 12:59:14
Jane,GB,Xbox One,0,ev,everest,view_video_info,title_results,2017-10-08 16:30:32
Jane,GB,Xbox One,0,ev,everest,play,video_info,2017-10-08 16:30:32
Jane,GB,Xbox One,0,jac,jack whitehall: travels with my father,play,video_info,2017-10-07 22:44:20
Jane,GB,Xbox One,0,jac,jack whitehall: travels with my father,play,video_info,2017-10-07 21:50:46
Jane,GB,Xbox One,0,jac,jack whitehall: travels with my father,view_video_info,title_results,2017-10-07 21:50:46
Jane,GB,Xbox One,0,ev,everest,view_video_info,title_results,2017-10-06 20:28:41
Jane,GB,Xbox One,0,ev,everest,play,video_info,2017-10-06 20:28:41
Jane,GB,Xbox One,0,ri,rick and morty,play,video_info,2017-09-25 19:21:15
Jane,GB,Xbox One,0,ri,rick and morty,play,video_info,2017-09-25 19:21:05
Jane,GB,Xbox One,0,ri,rick and morty,view_video_info,title_results,2017-09-25 19:21:05
Jane,GB,Xbox One,0,fir,first they killed my father,view_video_info,title_results,2017-09-24 19:28:23
Jane,GB,Xbox One,0,fir,first they killed my father,play,video_info,2017-09-24 19:28:23
Jane,GB,Smart TV,0,ric,rick and morty,play,video_info,2017-08-24 12:08:49
Jane,GB,Smart TV,0,ric,rick and morty,play,video_info,2017-08-24 11:35:36
Jane,GB,Smart TV,0,ric,rick and morty,view_video_info,title_results,2017-08-24 11:35:20
Jane,GB,iPhone,0,human,the human centipede: first sequence,view_video_info,title_results,2017-08-13 17:58:09
Jane,GB,Smart TV,0,hot,hot girls wanted: turned on,play,video_info,2017-08-05 22:40:14
Jane,GB,Smart TV,0,hot,hot girls wanted: turned on,play,video_info,2017-08-05 21:38:28
Jane,GB,Smart TV,0,hot,hot girls wanted: turned on,play,video_info,2017-08-05 21:38:15
Jane,GB,Smart TV,0,hot,hot girls wanted: turned on,play,video_info,2017-08-05 20:54:52
Jane,GB,Smart TV,0,hot,hot girls wanted: turned on,view_video_info,title_results,2017-08-05 20:53:50
Jane,GB,Smart TV,0,hot,hot girls wanted: turned on,play,video_info,2017-08-05 20:53:50
Jane,GB,iPad,0,hot g,,view_video_info,,2017-08-05 20:52:22
Jane,GB,iPhone,0,black,black mirror,view_video_info,title_results,2017-07-27 20:08:37
Jane,GB,iPhone,0,edge of,edge of tomorrow,view_suggestion_info,suggestion_results,2017-07-15 19:34:07
Jane,GB,iPad,0,the sti,-1,view_suggestion_info,suggestion_results,2017-07-12 22:21:58
Jane,GB,iPad,0,red dw,red dwarf,view_video_info,title_results,2017-07-12 22:20:40
Jane,GB,iPhone,0,a cind,a cinderella story,view_suggestion_info,suggestion_results,2017-07-02 16:15:21
Jane,GB,iPhone,0,a cind,a cinderella story,view_suggestion_info,suggestion_results,2017-07-02 16:15:21
Jane,GB,iPhone,0,a cind,a cinderella story,view_suggestion_info,suggestion_results,2017-07-02 16:15:21
Jane,GB,iPhone,0,glengarr,-1,view_suggestion_info,suggestion_results,2017-07-02 01:21:05
Jane,GB,Smart TV,0,dr,drive,view_video_info,title_results,2017-06-09 19:56:45
Jane,GB,Smart TV,0,dr,drive,play,video_info,2017-06-09 19:56:45
Jane,GB,iPad,0,star wars,-1,view_suggestion_info,suggestion_results,2017-06-08 20:19:38
Jane,GB,Xbox One,0,big,the big lebowski,play,video_info,2017-06-04 16:23:17
Jane,GB,Xbox One,0,big,the big lebowski,view_video_info,title_results,2017-06-04 16:23:17
Jane,GB,Xbox One,0,big,the big lebowski,play,video_info,2017-06-04 16:23:02
Jane,GB,Xbox One,0,big,the big lebowski,view_video_info,title_results,2017-06-04 16:23:02
Jane,GB,Xbox One,0,virg,virgin school,play,video_info,2017-06-03 20:33:13
Jane,GB,Xbox One,0,virg,virgin school,view_video_info,title_results,2017-06-03 20:33:13
Jane,GB,Smart TV,0,gold,austin powers in goldmember,play,video_info,2017-06-03 17:28:06
Jane,GB,Smart TV,0,gold,austin powers in goldmember,view_video_info,title_results,2017-06-03 17:28:06
Jane,GB,iPad,0,line ,-1,add_to_list,video_info,2017-04-23 17:22:12
Jane,GB,iPad,0,line ,line of duty,view_video_info,title_results,2017-04-23 17:22:05
Jane,GB,iPad,0,life aq,-1,view_suggestion_info,suggestion_results,2017-04-20 19:55:14
Jane,US,iPad,0,star wars,-1,add_to_list,video_info,2017-04-12 20:45:47
Jane,US,iPad,0,star wars,star wars: the clone wars,view_video_info,title_results,2017-04-12 20:45:45
Jane,US,iPad,0,star wars,star wars: the clone wars,add_to_list,video_info,2017-04-12 20:45:42
Jane,US,iPad,0,star wars,star wars: the clone wars,view_video_info,title_results,2017-04-12 20:45:32
Jane,GB,Xbox One,0,mu,murder files,play,video_info,2017-04-03 21:18:28
Jane,GB,Xbox One,0,mu,murder files,view_video_info,title_results,2017-04-03 21:18:28
Jane,GB,iPhone,0,8 mil,8 mile,view_suggestion_info,suggestion_results,2017-04-01 18:43:09
Jane,GB,iPhone,0,shadow of truth,shadow of truth,view_video_info,title_results,2017-03-31 22:15:50
Jane,GB,iPhone,0,making,making a murderer,view_video_info,title_results,2017-03-31 22:14:52
Jane,GB,Xbox One,0,mu,murder files,play,video_info,2017-03-22 20:16:51
Jane,GB,Xbox One,0,mu,murder files,view_video_info,title_results,2017-03-22 20:16:13
Jane,GB,Xbox One,0,mur,murder files,view_video_info,title_results,2017-03-20 22:03:56
Jane,GB,Xbox One,0,mur,murder files,play,video_info,2017-03-20 22:03:56
Jane,GB,Xbox One,0,part,i'm alan partridge,play,video_info,2017-03-18 22:53:24
Jane,GB,Xbox One,0,part,i'm alan partridge,play,video_info,2017-03-18 22:53:10
Jane,GB,Xbox One,0,part,i'm alan partridge,view_video_info,title_results,2017-03-18 22:53:09
Jane,GB,iPad,0,partr,-1,add_to_list,video_info,2017-03-18 22:35:52
Jane,GB,iPad,0,partr,i'm alan partridge,view_video_info,title_results,2017-03-18 22:35:46
Jane,GB,iPhone,0,fundam,the fundamentals of caring,view_video_info,title_results,2017-03-18 19:48:25
Jane,GB,iPhone,0,comes a brigh,comes a bright day,add_to_list,video_info,2017-03-18 19:48:15
Jane,GB,iPhone,0,comes a brigh,comes a bright day,view_video_info,title_results,2017-03-18 19:48:10
Jane,GB,iPhone,0,hundred ,the hundred-foot journey,add_to_list,video_info,2017-03-18 19:47:09
Jane,GB,iPhone,0,hundred ,the hundred-foot journey,view_video_info,title_results,2017-03-18 19:47:02
Jane,GB,iPhone,0,mara,the barkley marathons: the race that eats its young,view_video_info,title_results,2017-03-11 22:28:46
Jane,GB,Xbox One,0,babi,babies behind bars,play,video_info,2017-03-11 22:20:20
Jane,GB,Xbox One,0,babi,babies behind bars,view_video_info,title_results,2017-03-11 22:20:20
Jane,GB,Xbox One,0,ex,ex machina,play,video_info,2017-03-05 20:59:26
Jane,GB,Xbox One,0,ex,ex machina,view_video_info,title_results,2017-03-05 20:59:26
Jane,GB,iPhone,0,kather,katherine ryan: in trouble,view_video_info,title_results,2017-03-04 21:17:08
Jane,GB,iPhone,0,kather,katherine ryan: in trouble,view_video_info,title_results,2017-03-04 21:17:08
Jane,GB,iPhone,0,chef,chef's table,view_video_info,title_results,2017-02-20 20:18:45
Jane,GB,Xbox One,0,che,,view_video_info,,2017-02-20 19:47:18
Jane,KR,Laptop/Desktop,0,blue c,blue crush,view_suggestion_info,suggestion_results,2017-02-18 13:28:55
Jane,GB,Xbox One,0,pali,,view_video_info,,2017-02-14 20:23:00
Jane,GB,Xbox One,0,she,,view_video_info,,2017-02-12 21:19:28
Jane,GB,iPhone,0,no cou,-1,view_suggestion_info,suggestion_results,2017-02-11 21:49:58
Jane,GB,iPhone,0,fear,the fear of 13,view_video_info,title_results,2017-02-09 20:26:27
Jane,GB,Xbox One,0,shad,shadow of truth,play,video_info,2017-02-05 22:18:07
Jane,GB,Xbox One,0,shad,shadow of truth,play,video_info,2017-02-05 22:15:47
Jane,GB,Xbox One,0,shad,shadow of truth,view_video_info,title_results,2017-02-05 22:15:47
Jane,GB,Xbox One,0,shad,shadow of truth,play,video_info,2017-02-05 21:30:06
Jane,GB,Xbox One,0,shad,shadow of truth,view_video_info,title_results,2017-02-05 21:17:12
Jane,GB,Xbox One,0,shad,shadow of truth,play,video_info,2017-02-05 21:17:12
Jane,GB,iPhone,0,edd,eddie - strongman,view_video_info,title_results,2017-02-04 18:48:17
Jane,GB,Smart TV,0,oa,the oa,play,video_info,2017-01-29 13:49:08
Jane,GB,Smart TV,0,oa,the oa,view_video_info,title_results,2017-01-29 13:49:08
Jane,KR,Laptop/Desktop,0,captive,the investigator: a british crime story,play,title_results,2017-01-27 09:10:02
Jane,KR,Laptop/Desktop,0,captive,captive,play,title_results,2017-01-27 08:43:29
Jane,KR,Laptop/Desktop,0,captive,captive,play,title_results,2017-01-27 08:43:29
Jane,KR,Laptop/Desktop,0,captive,captive,play,title_results,2017-01-27 08:43:29
Jane,GB,Smart TV,0,mail ,mail order murder,play,video_info,2017-01-26 22:06:00
Jane,GB,Smart TV,0,mail ,mail order murder,view_video_info,title_results,2017-01-26 22:06:00
Jane,GB,iPhone,0,cap,captive,view_video_info,title_results,2017-01-26 20:54:58
Jane,GB,iPhone,0,cap,captive,view_video_info,title_results,2017-01-26 20:54:58
Jane,GB,iPhone,0,cap,captive,view_video_info,title_results,2017-01-26 20:54:58
Jane,GB,iPhone,0,cap,captive,view_video_info,title_results,2017-01-26 20:54:58
Lucy&phil,GB,MVPD STB,0,the bridge,The Bridge,view_suggestion_info,suggestion_results,2021-09-12 19:21:07
Lucy&phil,GB,MVPD STB,0,the t,The Terminator,view_suggestion_info,suggestion_results,2021-05-22 20:40:40
Lucy&phil,GB,MVPD STB,0,ram,Rambo,play,video_info,2021-05-02 19:21:05
Lucy&phil,GB,MVPD STB,0,ram,Rambo,view_video_info,suggestion_title_results,2021-05-02 19:21:01
Lucy&phil,GB,MVPD STB,0,ram,Rambo: First Blood Part II,view_suggestion_info,suggestion_results,2021-05-02 19:20:59
Lucy&phil,GB,MVPD STB,0,ram,Rambo,view_suggestion_info,suggestion_results,2021-05-02 19:20:38
Lucy&phil,GB,MVPD STB,0,nuns,Nuns on the Run,view_suggestion_info,suggestion_results,2021-04-02 16:53:24
Lucy&phil,GB,MVPD STB,0,com,Dinner for Schmucks,play,video_info,2021-04-01 18:39:56
Lucy&phil,GB,MVPD STB,0,com,Dinner for Schmucks,view_video_info,suggestion_title_results,2021-04-01 18:39:53
Lucy&phil,GB,MVPD STB,0,com,Comedies,view_suggestion_info,suggestion_results,2021-04-01 18:39:22
Lucy&phil,GB,MVPD STB,0,the q,The Quiet Man,view_suggestion_info,suggestion_results,2021-02-14 17:16:00
Lucy&phil,GB,MVPD STB,0,ram,Rambo,view_video_info,title_results,2021-02-14 17:04:31
Lucy&phil,GB,MVPD STB,0,robo,RoboCop,play,video_info,2021-02-12 21:38:42
Lucy&phil,GB,MVPD STB,0,robo,RoboCop,view_video_info,suggestion_title_results,2021-02-12 21:35:32
Lucy&phil,GB,MVPD STB,0,robo,RoboCop 3,view_suggestion_info,suggestion_results,2021-02-12 21:35:03
Lucy&phil,GB,MVPD STB,0,robocop,RoboCop,play,video_info,2021-02-09 18:59:36
Lucy&phil,GB,MVPD STB,0,robocop,RoboCop,view_video_info,title_results,2021-02-09 18:59:32
Lucy&phil,GB,MVPD STB,0,john can,Stripes,play,video_info,2021-02-07 17:26:01
Lucy&phil,GB,MVPD STB,0,john can,Stripes,view_video_info,suggestion_title_results,2021-02-07 17:25:57
Lucy&phil,GB,MVPD STB,0,john can,John Candy,view_suggestion_info,suggestion_results,2021-02-07 17:25:30
Lucy&phil,GB,MVPD STB,0,fer,Ferris Bueller's Day Off,view_suggestion_info,suggestion_results,2021-02-07 17:24:36
Lucy&phil,GB,MVPD STB,0,majo,Major League,view_suggestion_info,suggestion_results,2021-01-30 19:49:11
Lucy&phil,GB,MVPD STB,0,the great o,The Great Outdoors,view_suggestion_info,suggestion_results,2021-01-24 18:56:52
Lucy&phil,GB,MVPD STB,0,u,Uncle Buck,play,video_info,2021-01-23 19:25:01
Lucy&phil,GB,MVPD STB,0,u,Uncle Buck,view_video_info,title_results,2021-01-23 19:24:58
Lucy&phil,GB,MVPD STB,0,ing,Inglourious Basterds,view_suggestion_info,suggestion_results,2020-11-29 17:26:55
Lucy&phil,GB,MVPD STB,0,two,Two Weeks to Live,view_suggestion_info,suggestion_results,2020-09-27 15:48:39
Lucy&phil,GB,MVPD STB,0,rick,Rick and Morty,play,video_info,2020-08-28 21:26:19
Lucy&phil,GB,MVPD STB,0,rick,Rick and Morty,view_video_info,title_results,2020-08-28 21:26:11
Lucy&phil,GB,MVPD STB,0,distri,District 9,view_suggestion_info,suggestion_results,2020-07-04 18:34:43
Lucy&phil,GB,MVPD STB,0,distri,The 9th Precinct,view_video_info,suggestion_title_results,2020-07-04 18:34:33
Lucy&phil,GB,MVPD STB,0,distri,District 9,view_suggestion_info,suggestion_results,2020-07-04 18:34:18
Lucy&phil,GB,MVPD STB,0,c,Creed II,play,video_info,2020-05-17 18:49:20
Lucy&phil,GB,MVPD STB,0,c,Creed II,view_video_info,title_results,2020-05-17 18:49:13
Lucy&phil,GB,MVPD STB,0,spon,SpongeBob SquarePants,play,video_info,2020-03-30 14:56:50
Lucy&phil,GB,MVPD STB,0,spon,SpongeBob SquarePants,view_video_info,title_results,2020-03-30 14:56:42
Lucy&phil,GB,MVPD STB,0,jaws,Jaws,play,video_info,2020-03-14 20:05:56
Lucy&phil,GB,MVPD STB,0,jaws,Jaws,view_video_info,title_results,2020-03-14 20:05:34
Lucy&phil,GB,Xbox_One_S,0,the h,The Hobbit: An Unexpected Journey,play,video_info,2020-02-14 19:41:33
Lucy&phil,GB,Xbox_One_S,0,the h,The Hobbit: An Unexpected Journey,view_video_info,title_results,2020-02-14 19:41:27
Lucy&phil,GB,Xbox_One_S,0,the hobb,The Hobbit: An Unexpected Journey,play,video_info,2020-02-09 19:41:09
Lucy&phil,GB,Xbox_One_S,0,the hobb,The Hobbit: An Unexpected Journey,view_video_info,title_results,2020-02-09 19:41:04
Lucy&phil,GB,Xbox_One_S,0,lego sta,LEGO Star Wars: The Yoda Chronicles,view_suggestion_info,suggestion_results,2020-01-18 22:34:57
Lucy&phil,GB,Xbox_One_S,0,paddi,Paddington,view_suggestion_info,suggestion_results,2019-12-14 20:01:44
Lucy&phil,GB,Xbox_One_S,0,she,Sherlock,play,video_info,2019-12-01 18:57:16
Lucy&phil,GB,Xbox_One_S,0,she,Sherlock,view_video_info,title_results,2019-12-01 18:56:53
Lucy&phil,GB,Xbox_One_S,0,happy,Happy Gilmore,play,video_info,2019-11-23 20:40:22
Lucy&phil,GB,Xbox_One_S,0,happy,Happy Gilmore,view_video_info,title_results,2019-11-23 20:39:58
Lucy&phil,GB,Xbox_One_S,0,ou,Outnumbered,play,video_info,2019-11-22 21:17:02
Lucy&phil,GB,Xbox_One_S,0,ou,Outnumbered,view_video_info,title_results,2019-11-22 21:16:50
Lucy&phil,GB,Xbox_One_S,0,how to tra,Dragons: Dawn of the Dragon Racers,play,video_info,2019-11-18 08:05:01
Lucy&phil,GB,Xbox_One_S,0,how to tra,Dragons: Dawn of the Dragon Racers,play,suggestion_title_results,2019-11-18 08:04:55
Lucy&phil,GB,Xbox_One_S,0,how to tra,Sahara,view_video_info,suggestion_title_results,2019-11-18 08:04:54
Lucy&phil,GB,Xbox_One_S,0,how to tra,Hotel Transylvania,view_video_info,suggestion_title_results,2019-11-18 08:04:52
Lucy&phil,GB,Xbox_One_S,0,how to tra,Rise of the Guardians,view_video_info,suggestion_title_results,2019-11-18 08:04:51
Lucy&phil,GB,Xbox_One_S,0,how to tra,,view_video_info,suggestion_title_results,2019-11-18 08:04:50
Lucy&phil,GB,Xbox_One_S,0,how to tra,Dragons: Race to the Edge,view_video_info,suggestion_title_results,2019-11-18 08:04:50
Lucy&phil,GB,Xbox_One_S,0,how to tra,How to Train Your Dragon,view_video_info,suggestion_title_results,2019-11-18 08:04:49
Lucy&phil,GB,Xbox_One_S,0,how to tra,DreamWorks How to Train Your Dragon Legends,view_video_info,suggestion_title_results,2019-11-18 08:04:45
Lucy&phil,GB,Xbox_One_S,0,how to tra,Dragons: Dawn of the Dragon Racers,play,video_info,2019-11-18 08:04:44
Lucy&phil,GB,Xbox_One_S,0,how to tra,Dragons: Dawn of the Dragon Racers,view_video_info,suggestion_title_results,2019-11-18 08:04:38
Lucy&phil,GB,Xbox_One_S,0,how to tra,How to Train Your Dragon: The Hidden World,view_suggestion_info,suggestion_results,2019-11-18 08:04:26
Lucy&phil,GB,Xbox_One_S,0,how to tra,How to Train Your Dragon 2,view_suggestion_info,suggestion_results,2019-11-18 08:04:15
Lucy&phil,GB,Xbox_One_S,0,dra,Dragons: Race to the Edge,play,video_info,2019-10-27 15:32:18
Lucy&phil,GB,Xbox_One_S,0,dra,Dragons: Race to the Edge,view_video_info,title_results,2019-10-27 15:32:10
Lucy&phil,GB,Xbox_One_S,0,lego sta,LEGO Star Wars: The Yoda Chronicles,view_suggestion_info,suggestion_results,2019-09-30 06:52:58
Lucy&phil,GB,Xbox_One_S,0,al,Alien,view_suggestion_info,suggestion_results,2019-09-28 15:54:27
Lucy&phil,GB,Xbox_One_S,0,peaky,Peaky Blinders,play,video_info,2019-09-21 21:44:41
Lucy&phil,GB,Xbox_One_S,0,peaky,Peaky Blinders,view_video_info,title_results,2019-09-21 21:44:40
Lucy&phil,GB,Xbox_One_S,0,com,Fawlty Towers,view_video_info,suggestion_title_results,2019-09-13 19:46:51
Lucy&phil,GB,Xbox_One_S,0,com,Fawlty Towers,play,video_info,2019-09-13 19:46:48
Lucy&phil,GB,Xbox_One_S,0,com,Comedy Programmes,view_suggestion_info,suggestion_results,2019-09-13 19:46:21
Lucy&phil,GB,Xbox_One_S,0,come,Comedy Programmes,view_suggestion_info,suggestion_results,2019-09-13 19:09:29
Lucy&phil,GB,Xbox_One_S,0,the simpsons,The Simpsons Movie,view_suggestion_info,suggestion_results,2019-09-12 15:54:42
Lucy&phil,GB,Xbox_One_S,0,the simpsons,The Simpsons,view_suggestion_info,suggestion_results,2019-09-12 15:54:23
Lucy&phil,GB,Xbox_One_S,0,the simpsons,The Simpsons,view_suggestion_info,suggestion_results,2019-09-08 09:23:18
Lucy&phil,GB,Xbox_One_S,0,the simpsons,The Simpsons,view_suggestion_info,suggestion_results,2019-09-08 09:09:55
Lucy&phil,GB,Xbox_One_S,0,due ,Due Date,view_video_info,title_results,2019-08-30 19:43:42
Lucy&phil,GB,Xbox_One_S,0,due ,Due Date,play,video_info,2019-08-30 19:43:42
Lucy&phil,GB,Xbox_One_S,0,austin po,Austin Powers in Goldmember,view_suggestion_info,suggestion_results,2019-07-07 18:09:40
Lucy&phil,GB,Xbox_One_S,0,austin powers,Austin Powers: The Spy Who Shagged Me,play,video_info,2019-06-30 18:35:51
Lucy&phil,GB,Xbox_One_S,0,austin powers,Austin Powers: The Spy Who Shagged Me,view_video_info,title_results,2019-06-30 18:35:51
Lucy&phil,GB,Xbox_One_S,0,league,The League of Gentlemen,play,video_info,2019-06-13 19:34:56
Lucy&phil,GB,Xbox_One_S,0,league,The League of Gentlemen,view_video_info,title_results,2019-06-13 19:34:56
Lucy&phil,GB,Xbox_One_S,0,walking with dinosaurs,Walking with Dinosaurs,view_video_info,title_results,2019-06-10 17:25:03
Lucy&phil,GB,Xbox_One_S,0,walking with dinosaurs,Walking with Dinosaurs,play,video_info,2019-06-10 17:25:03
Lucy&phil,GB,Xbox_One_S,0,walking with dinosaurs,Walking with Dinosaurs: Land of the Giants,play,video_info,2019-06-10 16:55:20
Lucy&phil,GB,Xbox_One_S,0,walking with dinosaurs,Walking with Dinosaurs: Land of the Giants,view_video_info,title_results,2019-06-10 16:55:20
Lucy&phil,GB,Xbox_One_S,0,walking with dinosaurs,Walking with Dinosaurs: The Giant Claw,play,video_info,2019-06-10 16:05:31
Lucy&phil,GB,Xbox_One_S,0,walking with dinosaurs,Walking with Dinosaurs: The Giant Claw,view_video_info,title_results,2019-06-10 16:05:31
Lucy&phil,GB,Xbox_One_S,0,walking with dinosaurs,Walking with Dinosaurs,view_video_info,title_results,2019-06-10 16:05:16
Lucy&phil,GB,Xbox_One_S,0,sponge,SpongeBob vs. the Big One,view_suggestion_info,suggestion_results,2019-06-10 15:07:51
Lucy&phil,GB,Xbox_One_S,0,sp,The SpongeBob Movie: Sponge Out of Water,view_suggestion_info,suggestion_results,2019-06-10 15:06:34
Lucy&phil,GB,Xbox_One_S,0,indom,LEGO Jurassic World: The Indominus Escape,play,video_info,2019-05-15 16:23:43
Lucy&phil,GB,Xbox_One_S,0,indom,LEGO Jurassic World: The Indominus Escape,view_video_info,title_results,2019-05-15 16:23:43
Lucy&phil,GB,Xbox_One_S,0,wall,Wallace and Gromit: The Wrong Trousers,play,video_info,2019-05-15 15:16:42
Lucy&phil,GB,Xbox_One_S,0,wall,Wallace and Gromit: The Wrong Trousers,view_video_info,title_results,2019-05-15 15:16:42
Lucy&phil,GB,Xbox_One_S,0,walla,Wallace & Gromit: A Matter of Loaf and Death,view_video_info,title_results,2019-05-15 07:36:44
Lucy&phil,GB,Xbox_One_S,0,walla,Wallace and Gromit: The Wrong Trousers,view_video_info,title_results,2019-05-15 07:36:36
Lucy&phil,GB,Xbox_One_S,0,walla,Wallace and Gromit: The Wrong Trousers,play,video_info,2019-05-15 07:36:36
Lucy&phil,GB,Xbox_One_S,0,walla,Wallace and Gromit: A Grand Day Out,play,video_info,2019-05-15 07:14:16
Lucy&phil,GB,Xbox_One_S,0,walla,Wallace and Gromit: A Grand Day Out,view_video_info,title_results,2019-05-15 07:14:16
Lucy&phil,GB,Xbox_One_S,0,wal,Wallace & Gromit: The Curse of the Were-Rabbit,view_video_info,title_results,2019-05-10 07:27:35
Lucy&phil,GB,Xbox_One_S,0,wal,Wallace & Gromit: The Curse of the Were-Rabbit,play,video_info,2019-05-10 07:27:35
Lucy&phil,GB,Xbox_One_S,0,wal,Wallace & Gromit: The Curse of the Were-Rabbit,play,video_info,2019-05-10 07:27:20
Lucy&phil,GB,Xbox_One_S,0,wal,Wallace & Gromit: The Curse of the Were-Rabbit,view_video_info,title_results,2019-05-10 07:27:20
Lucy&phil,GB,Xbox_One_S,0,meet ,Ace Ventura: Pet Detective,play,video_info,2019-04-28 16:36:00
Lucy&phil,GB,Xbox_One_S,0,meet ,Ace Ventura: Pet Detective,view_video_info,suggestion_title_results,2019-04-28 16:36:00
Lucy&phil,GB,Xbox_One_S,0,meet ,Meet the Parents,view_suggestion_info,suggestion_results,2019-04-28 16:34:31
Lucy&phil,GB,Xbox_One_S,0,j,Johnny English Reborn,play,video_info,2019-03-09 16:30:30
Lucy&phil,GB,Xbox_One_S,0,j,Johnny English Reborn,view_video_info,title_results,2019-03-09 16:30:30
Lucy&phil,GB,Xbox_One_S,0,j,Johnny English Reborn,view_video_info,title_results,2019-03-09 16:30:11
Lucy&phil,GB,Xbox_One_S,0,j,Johnny English Reborn,play,video_info,2019-03-09 16:30:11
Lucy&phil,GB,Xbox_One_S,0,jo,Johnny English,play,video_info,2019-03-02 16:21:31
Lucy&phil,GB,Xbox_One_S,0,jo,Johnny English,view_video_info,title_results,2019-03-02 16:21:31
Lucy&phil,GB,Xbox_One_S,0,sp,SpongeBob SquarePants,play,video_info,2019-02-11 08:13:50
Lucy&phil,GB,Xbox_One_S,0,sp,SpongeBob SquarePants,view_video_info,title_results,2019-02-11 08:13:50
Lucy&phil,GB,Xbox_One_S,0,sp,SpongeBob SquarePants,view_video_info,title_results,2019-02-11 08:13:43
Lucy&phil,GB,Xbox_One_S,0,sp,SpongeBob SquarePants,play,video_info,2019-02-11 08:13:43
Lucy&phil,GB,Xbox_One_S,0,sp,SpongeBob SquarePants,view_video_info,title_results,2019-02-11 08:13:34
Lucy&phil,GB,Xbox_One_S,0,sp,SpongeBob SquarePants,play,video_info,2019-02-11 08:13:34
Lucy&phil,GB,Xbox_One_S,0,sp,SpongeBob SquarePants,view_video_info,title_results,2019-02-11 08:12:44
Lucy&phil,GB,Xbox_One_S,0,sp,SpongeBob SquarePants,play,video_info,2019-02-11 08:12:44
Lucy&phil,GB,Xbox_One_S,0,rogue ,Rogue One: A Star Wars Story,view_video_info,title_results,2019-02-09 15:44:50
Lucy&phil,GB,Xbox_One_S,0,rogue ,Rogue One: A Star Wars Story,play,video_info,2019-02-09 15:44:50
Lucy&phil,GB,Xbox_One_S,0,she,Sherlock,view_video_info,title_results,2019-02-03 15:00:28
Lucy&phil,GB,Xbox_One_S,0,she,Sherlock,play,video_info,2019-02-03 15:00:28
Lucy&phil,GB,Wii,0,jura,lego jurassic world: the indominus escape,view_video_info,title_results,2018-07-15 16:47:30
Lucy&phil,GB,Wii,0,lea,the league of gentlemen,play,video_info,2018-05-27 19:26:15
Lucy&phil,GB,Wii,0,lea,the league of gentlemen,view_video_info,title_results,2018-05-27 19:19:37
Lucy&phil,GB,Wii,0,romanc,romancing the stone,play,video_info,2018-02-16 18:47:51
Lucy&phil,GB,Wii,0,romanc,romancing the stone,view_video_info,title_results,2018-02-16 18:47:45
Lucy&phil,GB,Wii,0,the,the crown,play,video_info,2018-02-11 20:05:54
Lucy&phil,GB,Wii,0,the,the crown,view_video_info,title_results,2018-02-11 19:50:59
Lucy&phil,GB,Wii,0,gr,groundhog day,play,video_info,2018-02-10 15:16:23
Lucy&phil,GB,Wii,0,gr,groundhog day,view_video_info,title_results,2018-02-10 15:16:20
Lucy&phil,GB,Wii,0,ki,kingsman: the secret service,play,video_info,2017-03-18 20:55:44
Lucy&phil,GB,Wii,0,ki,kingsman: the secret service,add_to_list,video_info,2017-03-18 20:55:36
Lucy&phil,GB,Wii,0,ki,kingsman: the secret service,remove_from_list,video_info,2017-03-18 20:55:31
Lucy&phil,GB,Wii,0,ki,kingsman: the secret service,add_to_list,video_info,2017-03-18 20:55:28
Lucy&phil,GB,Wii,0,ki,kingsman: the secret service,view_video_info,title_results,2017-03-18 20:47:31
Lucy&phil,GB,Wii,0,g,gilmore girls,play,video_info,2017-03-16 13:44:19
Lucy&phil,GB,Wii,0,g,gilmore girls,view_video_info,title_results,2017-03-16 13:43:34
Lucy&phil,GB,Wii,0,g,gilmore girls,view_video_info,title_results,2017-03-16 13:43:34
Lucy&phil,GB,Wii,0,the i,the interview,play,video_info,2017-02-18 21:17:42
Lucy&phil,GB,Wii,0,the i,the interview,view_video_info,person_title_results,2017-02-18 21:17:08
Lucy&phil,GB,Wii,0,d,dexter,play,video_info,2017-02-16 19:28:47
Lucy&phil,GB,Wii,0,d,dexter,view_video_info,title_results,2017-02-16 19:28:36
Lucy&phil,GB,Wii,0,rea,jack reacher,play,video_info,2017-02-08 13:13:02
Lucy&phil,GB,Wii,0,rea,jack reacher,view_video_info,title_results,2017-02-08 13:12:59
Lucy&phil,GB,Wii,0,the i,the interview,play,video_info,2017-02-03 20:42:17
Lucy&phil,GB,Wii,0,the i,the interview,view_video_info,person_title_results,2017-02-03 20:42:14
Lucy&phil,GB,Wii,0,fu,fury,play,video_info,2017-01-27 19:23:49
Lucy&phil,GB,Wii,0,fu,fury,view_video_info,title_results,2017-01-27 19:15:52
Sophie,GB,Smart TV,1,b,Ben & Holly's Little Kingdom,play,video_info,2022-01-25 18:15:48
Sophie,GB,Smart TV,1,b,Ben & Holly's Little Kingdom,view_video_info,title_results,2022-01-25 18:15:43
Sophie,GB,Smart TV,1,robi,Robin Robin,play,video_info,2021-12-11 17:11:01
Sophie,GB,Smart TV,1,robi,Robin Robin,view_video_info,title_results,2021-12-11 17:10:57
Sophie,GB,Smart TV,1,ang,Angela's Christmas,play,video_info,2021-12-11 16:43:27
Sophie,GB,Smart TV,1,ang,Angela's Christmas,view_video_info,title_results,2021-12-11 16:43:23
Sophie,GB,Smart TV,1,rob,Robin Robin,play,video_info,2021-12-11 16:42:02
Sophie,GB,Smart TV,1,rob,Robin Robin,view_video_info,title_results,2021-12-11 16:41:58
Sophie,GB,Smart TV,1,spi,Spirit Riding Free,play,video_info,2021-11-23 10:38:32
Sophie,GB,Smart TV,1,spi,Spirit Riding Free,play,video_info,2021-11-23 10:38:32
Sophie,GB,Smart TV,1,spi,Spirit Riding Free,view_video_info,title_results,2021-11-23 10:38:28
Sophie,GB,Smart TV,1,spi,Spirit Riding Free,view_video_info,title_results,2021-11-23 10:38:28
Sophie,GB,Smart TV,1,pa,PAW Patrol,play,video_info,2021-11-20 16:30:52
Sophie,GB,Smart TV,1,pa,PAW Patrol,view_video_info,title_results,2021-11-20 16:30:47
Sophie,GB,Set Top Box,1,co,CoComelon,play,video_info,2021-11-20 08:46:02
Sophie,GB,Set Top Box,1,co,CoComelon,view_video_info,title_results,2021-11-20 08:46:01
Sophie,GB,Smart TV,1,pe,Peter Rabbit,play,video_info,2021-11-19 09:50:48
Sophie,GB,Smart TV,1,pe,Peter Rabbit,view_video_info,title_results,2021-11-19 09:50:43
