Esn,Country,Localized Device Description,Device Description,Ip,Region Code Display Name,Ts
SSTV-JZL1-0000000000000006626012,GB,Samsung 2016 Jazz-L UHD TV Smart TV,Samsung 2016 Jazz-L UHD TV Smart TV,81.159.224.201,Hertfordshire,2022-01-25T18:15:02.120Z
NFAPPL-02-IPHONE12=8-9C6B7FDD77C2BB3CE9C238B0F1BCCB2268D86C67083F7DF346EF70D5CC62D030,GB,Apple iPhone SE Gen 2 iPhone,Apple iPhone SE Gen 2 iPhone,2a00:23c7:cb94:b601:f972:aa31:de75:5bb3,Hertfordshire,2022-01-25T06:55:43.945Z
NFAPPL-02-IPHONE13=1-EDE9175EA23D28A7CF49845545CCEDB392BC5CDCCF101007D155A283172CB3CE,GB,iPhone 12 Mini,iPhone 12 Mini,2a00:23c5:4e98:5301:18ad:d2a1:6210:f795,Stockport,2022-01-21T20:03:00.429Z
SSTV-JZL1-0000000000000006626012,GB,Samsung 2016 Jazz-L UHD TV Smart TV,Samsung 2016 Jazz-L UHD TV Smart TV,109.146.59.240,Hertfordshire,2022-01-16T19:09:18.272Z
SSTV-JZL1-0000000000000006626012,GB,Samsung 2016 Jazz-L UHD TV Smart TV,Samsung 2016 Jazz-L UHD TV Smart TV,109.146.59.240,Hertfordshire,2022-01-14T19:51:57.210Z
SSTV-JZL1-0000000000000006626012,GB,Samsung 2016 Jazz-L UHD TV Smart TV,Samsung 2016 Jazz-L UHD TV Smart TV,86.185.101.203,Staffordshire,2022-01-10T08:07:01.605Z
NFANDROID2-PRV-SABRINA-GOOGLCHROMECAST-21670-1366D9A884BDDFE84C20C626055A3524247A6B2FDEE6DE8A723975E5B07E380B,GB,Google Sabrina ATV Set Top Box,Google Sabrina ATV Set Top Box,86.185.101.203,Staffordshire,2022-01-08T09:02:40.768Z
NFAPPL-02-IPHONE13=1-EDE9175EA23D28A7CF49845545CCEDB392BC5CDCCF101007D155A283172CB3CE,GB,iPhone 12 Mini,iPhone 12 Mini,2a00:23c7:cb94:b601:a10e:2017:6e7a:e22b,Hertfordshire,2022-01-07T22:50:13.804Z
NFAPPL-02-IPHONE13=1-EDE9175EA23D28A7CF49845545CCEDB392BC5CDCCF101007D155A283172CB3CE,GB,iPhone 12 Mini,iPhone 12 Mini,2a00:23c7:cb94:b601:a838:91e2:396d:6a4c,Hertfordshire,2022-01-06T08:06:43.167Z
NFAPPL-02-IPHONE13=1-EDE9175EA23D28A7CF49845545CCEDB392BC5CDCCF101007D155A283172CB3CE,GB,iPhone 12 Mini,iPhone 12 Mini,2a00:23c7:cb94:b601:a838:91e2:396d:6a4c,Hertfordshire,2022-01-06T08:06:32.801Z
NFAPPL-02-IPHONE12=8-9C6B7FDD77C2BB3CE9C238B0F1BCCB2268D86C67083F7DF346EF70D5CC62D030,GB,Apple iPhone SE Gen 2 iPhone,Apple iPhone SE Gen 2 iPhone,109.157.38.183,Cumbria,2022-01-02T21:44:33.943Z
NFAPPL-02-IPHONE13=1-EDE9175EA23D28A7CF49845545CCEDB392BC5CDCCF101007D155A283172CB3CE,GB,iPhone 12 Mini,iPhone 12 Mini,109.157.38.183,Cumbria,2021-12-31T13:25:26.342Z
NFANDROID2-PRV-SABRINA-GOOGLCHROMECAST-21670-1366D9A884BDDFE84C20C626055A3524247A6B2FDEE6DE8A723975E5B07E380B,GB,Google Sabrina ATV Set Top Box,Google Sabrina ATV Set Top Box,86.128.237.145,Stockport,2021-12-29T19:34:44.990Z
NFANDROID2-PRV-SABRINA-GOOGLCHROMECAST-21670-1366D9A884BDDFE84C20C626055A3524247A6B2FDEE6DE8A723975E5B07E380B,GB,Google Sabrina ATV Set Top Box,Google Sabrina ATV Set Top Box,86.185.101.203,Staffordshire,2021-12-24T08:59:37.785Z
NFAPPL-02-IPHONE13=1-EDE9175EA23D28A7CF49845545CCEDB392BC5CDCCF101007D155A283172CB3CE,GB,iPhone 12 Mini,iPhone 12 Mini,2a00:23c7:cb94:b601:998c:7910:ca98:6e85,Hertfordshire,2021-12-21T16:43:00.396Z
NFAPPL-02-IPHONE13=1-EDE9175EA23D28A7CF49845545CCEDB392BC5CDCCF101007D155A283172CB3CE,GB,iPhone 12 Mini,iPhone 12 Mini,86.185.101.203,Staffordshire,2021-12-21T16:42:08.437Z
NFAPPL-02-IPHONE12=8-9C6B7FDD77C2BB3CE9C238B0F1BCCB2268D86C67083F7DF346EF70D5CC62D030,GB,Apple iPhone SE Gen 2 iPhone,Apple iPhone SE Gen 2 iPhone,2a00:23c7:cb94:b601:191b:79ee:e430:16ab,Hertfordshire,2021-12-17T17:52:54.308Z
SSTV-JZL1-0000000000000006626012,GB,Samsung 2016 Jazz-L UHD TV Smart TV,Samsung 2016 Jazz-L UHD TV Smart TV,86.185.101.203,Staffordshire,2021-11-29T19:51:23.223Z
NFAPPL-02-IPHONE13=1-EDE9175EA23D28A7CF49845545CCEDB392BC5CDCCF101007D155A283172CB3CE,GB,iPhone 12 Mini,iPhone 12 Mini,2a00:23c7:cb94:b601:3d9f:4650:ffe0:c450,Hertfordshire,2021-11-29T19:49:37.875Z
SSTV-JZL1-0000000000000006626012,GB,Samsung 2016 Jazz-L UHD TV Smart TV,Samsung 2016 Jazz-L UHD TV Smart TV,109.155.242.166,Essex,2021-11-28T12:26:25.418Z
NFANDROID2-PRV-SABRINA-GOOGLCHROMECAST-21670-1366D9A884BDDFE84C20C626055A3524247A6B2FDEE6DE8A723975E5B07E380B,GB,Google Sabrina ATV Set Top Box,Google Sabrina ATV Set Top Box,109.155.242.166,Essex,2021-11-27T09:17:59.329Z
SSTV-JZL1-0000000000000006626012,GB,Samsung 2016 Jazz-L UHD TV Smart TV,Samsung 2016 Jazz-L UHD TV Smart TV,165.120.159.254,Hertfordshire,2021-11-26T19:47:54.201Z
SSTV-JZL1-0000000000000006626012,GB,Samsung 2016 Jazz-L UHD TV Smart TV,Samsung 2016 Jazz-L UHD TV Smart TV,109.155.242.156,"Newry, Mourne and Down",2021-11-25T20:48:30.591Z
NFANDROID2-PRV-SABRINA-GOOGLCHROMECAST-21670-1366D9A884BDDFE84C20C626055A3524247A6B2FDEE6DE8A723975E5B07E380B,GB,Google Sabrina ATV Set Top Box,Google Sabrina ATV Set Top Box,109.155.242.156,"Newry, Mourne and Down",2021-11-23T12:47:33.292Z
NFANDROID2-PRV-SABRINA-GOOGLCHROMECAST-21670-1366D9A884BDDFE84C20C626055A3524247A6B2FDEE6DE8A723975E5B07E380B,GB,Google Sabrina ATV Set Top Box,Google Sabrina ATV Set Top Box,109.155.242.156,"Newry, Mourne and Down",2021-11-18T19:56:58.663Z
SSTV-JZL1-0000000000000006626012,GB,Samsung 2016 Jazz-L UHD TV Smart TV,Samsung 2016 Jazz-L UHD TV Smart TV,109.155.242.156,"Newry, Mourne and Down",2021-11-18T08:36:48.668Z
SSTV-JZL1-0000000000000006626012,GB,Samsung 2016 Jazz-L UHD TV Smart TV,Samsung 2016 Jazz-L UHD TV Smart TV,109.155.242.170,Hertfordshire,2021-11-16T20:07:54.630Z
SSTV-JZL1-0000000000000006626012,GB,Samsung 2016 Jazz-L UHD TV Smart TV,Samsung 2016 Jazz-L UHD TV Smart TV,109.155.242.170,Hertfordshire,2021-10-31T19:45:27.153Z
NFAPPL-02-IPHONE13=1-EDE9175EA23D28A7CF49845545CCEDB392BC5CDCCF101007D155A283172CB3CE,GB,iPhone 12 Mini,iPhone 12 Mini,2a00:23c7:cb94:b601:fdbf:3ee8:898:f23c,Hertfordshire,2021-10-31T18:15:08.776Z
NFANDROID2-PRV-SONYANDROIDTV2018M24K-SONY=BRAVIA=4K=GB=ATV3-7506-3FC450552AF29994377F37A84CF42069403AFB29996B7C4B54A9CB5875599942,GB,Sony Sony Android TV 2018 M2 4K Smart TV,Sony Sony Android TV 2018 M2 4K Smart TV,157.231.131.114,Gwynedd,2021-10-27T20:47:51.450Z
SSTV-JZL1-0000000000000006626012,GB,Samsung 2016 Jazz-L UHD TV Smart TV,Samsung 2016 Jazz-L UHD TV Smart TV,86.144.137.12,Hertfordshire,2021-10-25T19:24:57.030Z
NFANDROID2-PRV-SABRINA-GOOGLCHROMECAST-21670-1366D9A884BDDFE84C20C626055A3524247A6B2FDEE6DE8A723975E5B07E380B,GB,Google Sabrina ATV Set Top Box,Google Sabrina ATV Set Top Box,86.144.137.12,Hertfordshire,2021-10-22T14:15:29.923Z
NFAPPL-02-IPHONE13=1-EDE9175EA23D28A7CF49845545CCEDB392BC5CDCCF101007D155A283172CB3CE,GB,iPhone 12 Mini,iPhone 12 Mini,2a00:23c4:c04:8301:19cf:3874:93f4:10a4,Hertfordshire,2021-10-17T18:48:38.067Z
NFAPPL-02-IPHONE13=1-EDE9175EA23D28A7CF49845545CCEDB392BC5CDCCF101007D155A283172CB3CE,GB,iPhone 12 Mini,iPhone 12 Mini,2a00:23c4:c04:8301:f817:b7af:f31:366c,Hertfordshire,2021-10-15T11:53:43.533Z
NFANDROID2-PRV-SABRINA-GOOGLCHROMECAST-21670-1366D9A884BDDFE84C20C626055A3524247A6B2FDEE6DE8A723975E5B07E380B,GB,Google Sabrina ATV Set Top Box,Google Sabrina ATV Set Top Box,86.144.137.12,Hertfordshire,2021-10-08T16:57:42.757Z
YVWBT-DT20-EE505111-5206-4F82-B11E-5EAD7DAFA601,GB,Youview British Telecom DTR-T2100 Set Top Box,Youview British Telecom DTR-T2100 Set Top Box,86.146.98.250,Stockport,2021-10-07T20:43:54.044Z
SSTV-JZL1-0000000000000006626012,GB,Samsung 2016 Jazz-L UHD TV Smart TV,Samsung 2016 Jazz-L UHD TV Smart TV,86.144.137.12,Hertfordshire,2021-10-06T19:12:09.666Z
NFAPPL-01-IPAD11=1-9C6B7FDD77C2BB3CE9C238B0F1BCCB2268D86C67083F7DF346EF70D5CC62D030,GB,Apple iPad Mini 5th Gen (Wi-Fi),Apple iPad Mini 5th Gen (Wi-Fi),2a00:23c4:c04:8301:960:f17b:88af:a667,Hertfordshire,2021-10-03T12:20:41.339Z
YVWBT-DT20-EE505111-5206-4F82-B11E-5EAD7DAFA601,GB,Youview British Telecom DTR-T2100 Set Top Box,Youview British Telecom DTR-T2100 Set Top Box,86.174.29.160,Stockport,2021-10-02T20:32:28.157Z
YVWBT-DT20-EE505111-5206-4F82-B11E-5EAD7DAFA601,GB,Youview British Telecom DTR-T2100 Set Top Box,Youview British Telecom DTR-T2100 Set Top Box,86.174.29.160,Stockport,2021-10-01T20:38:46.024Z
SSTV-JZL1-0000000000000006626012,GB,Samsung 2016 Jazz-L UHD TV Smart TV,Samsung 2016 Jazz-L UHD TV Smart TV,86.144.137.13,Hertfordshire,2021-09-18T18:42:24.242Z
NFAPPL-02-IPHONE12=8-9C6B7FDD77C2BB3CE9C238B0F1BCCB2268D86C67083F7DF346EF70D5CC62D030,GB,Apple iPhone SE Gen 2 iPhone,Apple iPhone SE Gen 2 iPhone,2a00:23c4:c04:8301:5c7f:17f8:32c5:4e1,Hertfordshire,2021-09-17T19:47:18.673Z
YVWBT-DT20-EE505111-5206-4F82-B11E-5EAD7DAFA601,GB,Youview British Telecom DTR-T2100 Set Top Box,Youview British Telecom DTR-T2100 Set Top Box,86.184.43.163,Cheshire East,2021-09-12T20:02:49.269Z
SKUSKYHQW=00000000000000001000000000295519,GB,Sky UK skytitanuk MVPD STB,Sky UK skytitanuk MVPD STB,109.147.156.154,Buckinghamshire,2021-09-12T19:20:01.943Z
NFANDROID2-PRV-SABRINA-GOOGLCHROMECAST-21670-1366D9A884BDDFE84C20C626055A3524247A6B2FDEE6DE8A723975E5B07E380B,GB,Google Sabrina ATV Set Top Box,Google Sabrina ATV Set Top Box,86.144.137.13,Hertfordshire,2021-09-06T18:14:03.918Z
NFAPPL-02-IPHONE12=8-9C6B7FDD77C2BB3CE9C238B0F1BCCB2268D86C67083F7DF346EF70D5CC62D030,GB,Apple iPhone SE Gen 2 iPhone,Apple iPhone SE Gen 2 iPhone,2a00:23c4:c04:8301:3422:86e3:229a:74dd,Hertfordshire,2021-09-04T16:30:44.464Z
NFAPPL-02-IPHONE12=8-9C6B7FDD77C2BB3CE9C238B0F1BCCB2268D86C67083F7DF346EF70D5CC62D030,GB,Apple iPhone SE Gen 2 iPhone,Apple iPhone SE Gen 2 iPhone,2a00:23c4:c04:8301:dc5e:4635:76c0:7b2a,Hertfordshire,2021-08-30T15:31:48.754Z
NFANDROID2-PRV-SABRINA-GOOGLCHROMECAST-21670-1366D9A884BDDFE84C20C626055A3524247A6B2FDEE6DE8A723975E5B07E380B,GB,Google Sabrina ATV Set Top Box,Google Sabrina ATV Set Top Box,86.144.137.13,Hertfordshire,2021-08-30T14:48:46.479Z
NFAPPL-02-IPHONE12=8-9C6B7FDD77C2BB3CE9C238B0F1BCCB2268D86C67083F7DF346EF70D5CC62D030,GB,Apple iPhone SE Gen 2 iPhone,Apple iPhone SE Gen 2 iPhone,82.132.217.173,Aberdeen,2021-08-21T20:40:51.990Z
SSTV-JZL1-0000000000000006626012,GB,Samsung 2016 Jazz-L UHD TV Smart TV,Samsung 2016 Jazz-L UHD TV Smart TV,86.144.137.13,Hertfordshire,2021-08-17T20:11:49.483Z
NFAPPL-02-IPHONE12=8-9C6B7FDD77C2BB3CE9C238B0F1BCCB2268D86C67083F7DF346EF70D5CC62D030,GB,Apple iPhone SE Gen 2 iPhone,Apple iPhone SE Gen 2 iPhone,2a00:23c4:c04:8301:c5d4:ff41:9102:4637,Hertfordshire,2021-08-17T20:08:58.352Z
SSTV-JZL1-0000000000000006626012,GB,Samsung 2016 Jazz-L UHD TV Smart TV,Samsung 2016 Jazz-L UHD TV Smart TV,86.129.87.166,Thurrock,2021-08-16T19:03:31.231Z
NFAPPL-02-IPHONE12=8-9C6B7FDD77C2BB3CE9C238B0F1BCCB2268D86C67083F7DF346EF70D5CC62D030,GB,Apple iPhone SE Gen 2 iPhone,Apple iPhone SE Gen 2 iPhone,86.129.87.166,Thurrock,2021-08-13T15:36:10.143Z
NFAPPL-02-IPHONE12=8-9C6B7FDD77C2BB3CE9C238B0F1BCCB2268D86C67083F7DF346EF70D5CC62D030,GB,Apple iPhone SE Gen 2 iPhone,Apple iPhone SE Gen 2 iPhone,2a00:23c4:c04:8301:7872:bd30:4489:709,Hertfordshire,2021-08-13T15:35:26.749Z
NFAPPL-02-IPHONE13=1-EDE9175EA23D28A7CF49845545CCEDB392BC5CDCCF101007D155A283172CB3CE,GB,iPhone 12 Mini,iPhone 12 Mini,82.132.229.141,Northamptonshire,2021-08-08T14:44:54.555Z
SSTV-JZL1-0000000000000006626012,GB,Samsung 2016 Jazz-L UHD TV Smart TV,Samsung 2016 Jazz-L UHD TV Smart TV,86.129.87.166,Thurrock,2021-08-03T20:05:00.274Z
NFAPPL-02-IPHONE13=1-EDE9175EA23D28A7CF49845545CCEDB392BC5CDCCF101007D155A283172CB3CE,GB,iPhone 12 Mini,iPhone 12 Mini,2a00:23c4:c04:8301:79e6:e1a7:7455:e34e,Hertfordshire,2021-07-31T16:11:09.781Z
SSTV-JZL1-0000000000000006626012,GB,Samsung 2016 Jazz-L UHD TV Smart TV,Samsung 2016 Jazz-L UHD TV Smart TV,86.158.191.173,Hertfordshire,2021-07-30T20:32:06.956Z
YVWBT-DT20-EE505111-5206-4F82-B11E-5EAD7DAFA601,GB,Youview British Telecom DTR-T2100 Set Top Box,Youview British Telecom DTR-T2100 Set Top Box,86.136.165.50,Stockport,2021-07-30T19:28:43.750Z
YVWBT-DT20-EE505111-5206-4F82-B11E-5EAD7DAFA601,GB,Youview British Telecom DTR-T2100 Set Top Box,Youview British Telecom DTR-T2100 Set Top Box,86.136.165.50,Stockport,2021-07-30T19:28:43.741Z
NFAPPL-02-IPHONE13=1-EDE9175EA23D28A7CF49845545CCEDB392BC5CDCCF101007D155A283172CB3CE,GB,iPhone 12 Mini,iPhone 12 Mini,2a00:23c4:c04:8301:158a:be2c:14b5:561d,Hertfordshire,2021-07-28T21:13:36.793Z
SSTV-JZL1-0000000000000006626012,GB,Samsung 2016 Jazz-L UHD TV Smart TV,Samsung 2016 Jazz-L UHD TV Smart TV,31.48.249.5,Hertfordshire,2021-07-24T17:11:21.545Z
NFAPPL-02-IPHONE13=1-EDE9175EA23D28A7CF49845545CCEDB392BC5CDCCF101007D155A283172CB3CE,GB,iPhone 12 Mini,iPhone 12 Mini,2a00:23c4:c04:8301:78dd:6665:a07d:8b4e,Hertfordshire,2021-07-22T21:56:05.120Z
SSTV-JZL1-0000000000000006626012,GB,Samsung 2016 Jazz-L UHD TV Smart TV,Samsung 2016 Jazz-L UHD TV Smart TV,31.48.249.5,Hertfordshire,2021-07-19T18:08:23.289Z
SKUSKYHQW=00000000000000001000000000295519,GB,Sky UK skytitanuk MVPD STB,Sky UK skytitanuk MVPD STB,109.147.156.149,Buckinghamshire,2021-07-18T14:53:49.296Z
SSTV-JZL1-0000000000000006626012,GB,Samsung 2016 Jazz-L UHD TV Smart TV,Samsung 2016 Jazz-L UHD TV Smart TV,86.134.127.73,Hertfordshire,2021-07-16T20:18:01.497Z
SSTV-JZL1-0000000000000006626012,GB,Samsung 2016 Jazz-L UHD TV Smart TV,Samsung 2016 Jazz-L UHD TV Smart TV,86.134.127.73,Hertfordshire,2021-07-15T20:18:24.188Z
NFANDROID2-PRV-SABRINA-GOOGLCHROMECAST-21670-1366D9A884BDDFE84C20C626055A3524247A6B2FDEE6DE8A723975E5B07E380B,GB,Google Sabrina ATV Set Top Box,Google Sabrina ATV Set Top Box,86.134.127.73,Hertfordshire,2021-07-13T16:09:46.631Z
SSTV-JZL1-0000000000000006626012,GB,Samsung 2016 Jazz-L UHD TV Smart TV,Samsung 2016 Jazz-L UHD TV Smart TV,31.54.69.13,Hertfordshire,2021-07-08T20:03:43.646Z
SSTV-JZL1-0000000000000006626012,GB,Samsung 2016 Jazz-L UHD TV Smart TV,Samsung 2016 Jazz-L UHD TV Smart TV,31.54.69.13,Hertfordshire,2021-07-05T19:42:03.486Z
NFANDROID2-PRV-SABRINA-GOOGLCHROMECAST-21670-1366D9A884BDDFE84C20C626055A3524247A6B2FDEE6DE8A723975E5B07E380B,GB,Google Sabrina ATV Set Top Box,Google Sabrina ATV Set Top Box,31.54.69.13,Hertfordshire,2021-07-05T18:58:30.286Z
SSTV-JZL1-0000000000000006626012,GB,Samsung 2016 Jazz-L UHD TV Smart TV,Samsung 2016 Jazz-L UHD TV Smart TV,86.134.236.20,Essex,2021-06-21T19:52:52.674Z
YVWBT-DT20-EE505111-5206-4F82-B11E-5EAD7DAFA601,GB,Youview British Telecom DTR-T2100 Set Top Box,Youview British Telecom DTR-T2100 Set Top Box,86.175.14.35,Stockport,2021-06-20T20:35:12.844Z
NFAPPL-02-IPHONE12=8-9C6B7FDD77C2BB3CE9C238B0F1BCCB2268D86C67083F7DF346EF70D5CC62D030,GB,Apple iPhone SE Gen 2 iPhone,Apple iPhone SE Gen 2 iPhone,2a00:23c4:c04:8301:b89f:9c45:3ef:b8dc,Hertfordshire,2021-06-12T20:44:34.844Z
NFAPPL-02-IPHONE12=8-9C6B7FDD77C2BB3CE9C238B0F1BCCB2268D86C67083F7DF346EF70D5CC62D030,GB,Apple iPhone SE Gen 2 iPhone,Apple iPhone SE Gen 2 iPhone,2a00:23c4:c04:8301:81b3:9c76:65b8:3a50,Hertfordshire,2021-06-04T19:16:58.966Z
NFAPPL-02-IPHONE13=1-EDE9175EA23D28A7CF49845545CCEDB392BC5CDCCF101007D155A283172CB3CE,GB,iPhone 12 Mini,iPhone 12 Mini,2a00:23c4:c04:8301:4c2b:1b86:9b81:a377,Hertfordshire,2021-06-02T21:32:32.355Z
SSTV-JZL1-0000000000000006626012,GB,Samsung 2016 Jazz-L UHD TV Smart TV,Samsung 2016 Jazz-L UHD TV Smart TV,86.134.236.20,Essex,2021-06-01T20:23:55.630Z
NFAPPL-02-IPHONE12=8-9C6B7FDD77C2BB3CE9C238B0F1BCCB2268D86C67083F7DF346EF70D5CC62D030,GB,Apple iPhone SE Gen 2 iPhone,Apple iPhone SE Gen 2 iPhone,2a00:23c4:c04:8301:a433:1577:a7bf:2237,Hertfordshire,2021-06-01T20:23:37.073Z
NFAPPL-02-IPHONE13=1-EDE9175EA23D28A7CF49845545CCEDB392BC5CDCCF101007D155A283172CB3CE,GB,iPhone 12 Mini,iPhone 12 Mini,109.155.104.5,Cumbria,2021-05-28T18:54:38.540Z
NFAPPL-02-IPHONE12=8-9C6B7FDD77C2BB3CE9C238B0F1BCCB2268D86C67083F7DF346EF70D5CC62D030,GB,Apple iPhone SE Gen 2 iPhone,Apple iPhone SE Gen 2 iPhone,109.155.104.5,Cumbria,2021-05-28T18:42:39.255Z
NFAPPL-02-IPHONE12=8-9C6B7FDD77C2BB3CE9C238B0F1BCCB2268D86C67083F7DF346EF70D5CC62D030,GB,Apple iPhone SE Gen 2 iPhone,Apple iPhone SE Gen 2 iPhone,86.181.20.21,Cumbria,2021-05-26T18:56:57.259Z
SKUSKYHQW=00000000000000001000000000295519,GB,Sky UK skytitanuk MVPD STB,Sky UK skytitanuk MVPD STB,86.173.172.146,Buckinghamshire,2021-05-22T20:39:58.974Z
NFAPPL-02-IPHONE13=1-EDE9175EA23D28A7CF49845545CCEDB392BC5CDCCF101007D155A283172CB3CE,GB,iPhone 12 Mini,iPhone 12 Mini,2a00:23c5:4e98:5301:396d:ec06:da7a:7264,Stockport,2021-05-21T16:25:00.864Z
NFAPPL-02-IPHONE12=8-9C6B7FDD77C2BB3CE9C238B0F1BCCB2268D86C67083F7DF346EF70D5CC62D030,GB,Apple iPhone SE Gen 2 iPhone,Apple iPhone SE Gen 2 iPhone,82.132.228.139,Northamptonshire,2021-05-21T13:20:59.802Z
SSTV-JZL1-0000000000000006626012,GB,Samsung 2016 Jazz-L UHD TV Smart TV,Samsung 2016 Jazz-L UHD TV Smart TV,31.48.249.61,Hertfordshire,2021-05-18T20:20:46.944Z
SSTV-JZL1-0000000000000006626012,GB,Samsung 2016 Jazz-L UHD TV Smart TV,Samsung 2016 Jazz-L UHD TV Smart TV,31.48.249.61,Hertfordshire,2021-05-15T19:19:19.669Z
NFAPPL-02-IPHONE12=8-9C6B7FDD77C2BB3CE9C238B0F1BCCB2268D86C67083F7DF346EF70D5CC62D030,GB,Apple iPhone SE Gen 2 iPhone,Apple iPhone SE Gen 2 iPhone,2a00:23c4:c04:8301:8199:28f0:5543:ba4b,Hertfordshire,2021-05-15T06:45:58.745Z
SSTV-JZL1-0000000000000006626012,GB,Samsung 2016 Jazz-L UHD TV Smart TV,Samsung 2016 Jazz-L UHD TV Smart TV,86.148.235.234,Hammersmith and Fulham,2021-05-09T19:45:13.731Z
NFANDROID2-PRV-SONYANDROIDTV2018M24K-SONY=BRAVIA=4K=GB=ATV3-7506-3FC450552AF29994377F37A84CF42069403AFB29996B7C4B54A9CB5875599942,GB,Sony Sony Android TV 2018 M2 4K Smart TV,Sony Sony Android TV 2018 M2 4K Smart TV,157.231.131.114,Gwynedd,2021-05-08T14:09:39.575Z
SKUSKYHQW=00000000000000001000000000295519,GB,Sky UK skytitanuk MVPD STB,Sky UK skytitanuk MVPD STB,109.146.174.129,Buckinghamshire,2021-05-02T19:20:09.023Z
SSTV-JZL1-0000000000000006626012,GB,Samsung 2016 Jazz-L UHD TV Smart TV,Samsung 2016 Jazz-L UHD TV Smart TV,86.148.235.234,Hammersmith and Fulham,2021-05-02T10:17:11.561Z
NFAPPL-02-IPHONE13=1-EDE9175EA23D28A7CF49845545CCEDB392BC5CDCCF101007D155A283172CB3CE,GB,iPhone 12 Mini,iPhone 12 Mini,2a00:23c4:c04:8301:84e6:aeed:ecfb:9e7,Hertfordshire,2021-05-01T17:37:40.468Z
NFAPPL-02-IPHONE12=8-9C6B7FDD77C2BB3CE9C238B0F1BCCB2268D86C67083F7DF346EF70D5CC62D030,GB,Apple iPhone SE Gen 2 iPhone,Apple iPhone SE Gen 2 iPhone,2a00:23c4:c04:8301:8ce9:5d35:4ac5:ab2a,Hertfordshire,2021-04-25T19:44:57.952Z
SSTV-JZL1-0000000000000006626012,GB,Samsung 2016 Jazz-L UHD TV Smart TV,Samsung 2016 Jazz-L UHD TV Smart TV,86.169.85.249,Doncaster,2021-04-25T18:58:37.371Z
SSTV-JZL1-0000000000000006626012,GB,Samsung 2016 Jazz-L UHD TV Smart TV,Samsung 2016 Jazz-L UHD TV Smart TV,86.154.38.59,Hertfordshire,2021-04-20T20:01:04.500Z
SSTV-JZL1-0000000000000006626012,GB,Samsung 2016 Jazz-L UHD TV Smart TV,Samsung 2016 Jazz-L UHD TV Smart TV,86.169.30.207,Devon,2021-04-18T20:07:39.430Z
SSTV-JZL1-0000000000000006626012,GB,Samsung 2016 Jazz-L UHD TV Smart TV,Samsung 2016 Jazz-L UHD TV Smart TV,86.135.131.168,Hertfordshire,2021-04-16T11:44:46.316Z
SSTV-JZL1-0000000000000006626012,GB,Samsung 2016 Jazz-L UHD TV Smart TV,Samsung 2016 Jazz-L UHD TV Smart TV,86.135.131.168,Hertfordshire,2021-04-15T20:29:40.911Z
SSTV-JZL1-0000000000000006626012,GB,Samsung 2016 Jazz-L UHD TV Smart TV,Samsung 2016 Jazz-L UHD TV Smart TV,86.134.127.19,Bath and North East Somerset,2021-04-14T20:54:14.225Z
SSTV-JZL1-0000000000000006626012,GB,Samsung 2016 Jazz-L UHD TV Smart TV,Samsung 2016 Jazz-L UHD TV Smart TV,86.134.236.81,"Newry, Mourne and Down",2021-04-13T20:39:20.468Z
SSTV-JZL1-0000000000000006626012,GB,Samsung 2016 Jazz-L UHD TV Smart TV,Samsung 2016 Jazz-L UHD TV Smart TV,86.134.236.81,"Newry, Mourne and Down",2021-04-11T20:09:12.560Z
SSTV-JZL1-0000000000000006626012,GB,Samsung 2016 Jazz-L UHD TV Smart TV,Samsung 2016 Jazz-L UHD TV Smart TV,86.169.85.181,Cardiff,2021-04-09T19:25:13.967Z
SSTV-JZL1-0000000000000006626012,GB,Samsung 2016 Jazz-L UHD TV Smart TV,Samsung 2016 Jazz-L UHD TV Smart TV,86.132.113.147,Cardiff,2021-04-05T18:51:50.911Z
NFAPPL-02-IPHONE12=8-9C6B7FDD77C2BB3CE9C238B0F1BCCB2268D86C67083F7DF346EF70D5CC62D030,GB,Apple iPhone SE Gen 2 iPhone,Apple iPhone SE Gen 2 iPhone,2a00:23c4:c04:8301:a802:c129:561:c4db,Hertfordshire,2021-04-05T17:28:12.891Z
MANGELONFX00000000000000000000000002172714,GB,Vestel MB110/115 Smart TV,Vestel MB110/115 Smart TV,86.132.113.147,Cardiff,2021-04-03T16:40:51.012Z
NFAPPL-02-IPHONE12=8-9C6B7FDD77C2BB3CE9C238B0F1BCCB2268D86C67083F7DF346EF70D5CC62D030,GB,Apple iPhone SE Gen 2 iPhone,Apple iPhone SE Gen 2 iPhone,2a00:23c4:c04:8301:1501:7d:3f5:eaf8,Hertfordshire,2021-04-02T19:46:57.026Z
SKUSKYHQW=00000000000000001000000000295519,GB,Sky UK skytitanuk MVPD STB,Sky UK skytitanuk MVPD STB,86.173.172.180,Buckinghamshire,2021-04-02T16:50:22.412Z
SKUSKYHQW=00000000000000001000000000295519,GB,Sky UK skytitanuk MVPD STB,Sky UK skytitanuk MVPD STB,86.173.172.180,Buckinghamshire,2021-04-01T18:38:38.106Z
NFAPPL-02-IPHONE12=8-9C6B7FDD77C2BB3CE9C238B0F1BCCB2268D86C67083F7DF346EF70D5CC62D030,GB,Apple iPhone SE Gen 2 iPhone,Apple iPhone SE Gen 2 iPhone,2a00:23c4:c04:8301:bc65:556d:255d:4112,Hertfordshire,2021-03-29T20:39:13.795Z
SSTV-JZL1-0000000000000006626012,GB,Samsung 2016 Jazz-L UHD TV Smart TV,Samsung 2016 Jazz-L UHD TV Smart TV,86.132.113.147,Cardiff,2021-03-28T19:18:10.245Z
NFAPPL-02-IPHONE13=1-EDE9175EA23D28A7CF49845545CCEDB392BC5CDCCF101007D155A283172CB3CE,GB,iPhone 12 Mini,iPhone 12 Mini,2a00:23c4:c04:8301:31b6:71a:b818:3cc0,Hertfordshire,2021-03-28T18:52:07.547Z
SSTV-JZL1-0000000000000006626012,GB,Samsung 2016 Jazz-L UHD TV Smart TV,Samsung 2016 Jazz-L UHD TV Smart TV,62.172.88.92,Cardiff,2021-03-26T18:35:28.250Z
MANGELONFX00000000000000000000000002172714,GB,Vestel MB110/115 Smart TV,Vestel MB110/115 Smart TV,86.158.191.252,Hertfordshire,2021-03-15T17:32:26.110Z
SSTV-JZL1-0000000000000006626012,GB,Samsung 2016 Jazz-L UHD TV Smart TV,Samsung 2016 Jazz-L UHD TV Smart TV,86.158.191.252,Hertfordshire,2021-03-14T19:35:07.734Z
NFAPPL-02-IPHONE12=8-9C6B7FDD77C2BB3CE9C238B0F1BCCB2268D86C67083F7DF346EF70D5CC62D030,GB,Apple iPhone SE Gen 2 iPhone,Apple iPhone SE Gen 2 iPhone,2a00:23c4:c04:8301:20fd:266:2809:a277,Hertfordshire,2021-03-14T19:30:31.607Z
NFAPPL-02-IPHONE12=8-9C6B7FDD77C2BB3CE9C238B0F1BCCB2268D86C67083F7DF346EF70D5CC62D030,GB,Apple iPhone SE Gen 2 iPhone,Apple iPhone SE Gen 2 iPhone,2a00:23c4:c04:8301:c945:2ab2:3b1:8727,Hertfordshire,2021-03-12T07:22:34.244Z
SSTV-JZL1-0000000000000006626012,GB,Samsung 2016 Jazz-L UHD TV Smart TV,Samsung 2016 Jazz-L UHD TV Smart TV,86.158.191.252,Hertfordshire,2021-03-07T20:04:37.402Z
MANGELONFX00000000000000000000000002172714,GB,Vestel MB110/115 Smart TV,Vestel MB110/115 Smart TV,86.158.191.252,Hertfordshire,2021-03-07T19:34:05.468Z
SSTV-JZL1-0000000000000006626012,GB,Samsung 2016 Jazz-L UHD TV Smart TV,Samsung 2016 Jazz-L UHD TV Smart TV,62.172.88.94,Cardiff,2021-03-06T18:44:31.213Z
NFAPPL-02-IPHONE12=8-9C6B7FDD77C2BB3CE9C238B0F1BCCB2268D86C67083F7DF346EF70D5CC62D030,GB,Apple iPhone SE Gen 2 iPhone,Apple iPhone SE Gen 2 iPhone,2a00:23c4:c04:8301:a134:befa:351a:e42b,Hertfordshire,2021-03-05T19:18:36.832Z
NFAPPL-02-IPHONE12=8-9C6B7FDD77C2BB3CE9C238B0F1BCCB2268D86C67083F7DF346EF70D5CC62D030,GB,Apple iPhone SE Gen 2 iPhone,Apple iPhone SE Gen 2 iPhone,2a00:23c4:c04:8301:d913:96ed:e38e:819b,Hertfordshire,2021-03-04T19:37:05.903Z
NFAPPL-02-IPHONE12=8-9C6B7FDD77C2BB3CE9C238B0F1BCCB2268D86C67083F7DF346EF70D5CC62D030,GB,Apple iPhone SE Gen 2 iPhone,Apple iPhone SE Gen 2 iPhone,2a00:23c4:c04:8301:a161:c1b4:df8e:eac5,Hertfordshire,2021-03-03T20:14:32.411Z
NFAPPL-02-IPHONE12=8-9C6B7FDD77C2BB3CE9C238B0F1BCCB2268D86C67083F7DF346EF70D5CC62D030,GB,Apple iPhone SE Gen 2 iPhone,Apple iPhone SE Gen 2 iPhone,2a00:23c4:c04:8301:a161:c1b4:df8e:eac5,Hertfordshire,2021-03-03T20:13:54.015Z
YVWBT-DT20-EE505111-5206-4F82-B11E-5EAD7DAFA601,GB,Youview British Telecom DTR-T2100 Set Top Box,Youview British Telecom DTR-T2100 Set Top Box,86.128.237.229,Stockport,2021-02-28T21:27:33.389Z
NFAPPL-02-IPHONE12=8-9C6B7FDD77C2BB3CE9C238B0F1BCCB2268D86C67083F7DF346EF70D5CC62D030,GB,Apple iPhone SE Gen 2 iPhone,Apple iPhone SE Gen 2 iPhone,2a00:23c4:c04:8301:50:4da5:2412:3b0e,Hertfordshire,2021-02-26T18:02:06.513Z
SSTV-JZL1-0000000000000006626012,GB,Samsung 2016 Jazz-L UHD TV Smart TV,Samsung 2016 Jazz-L UHD TV Smart TV,62.172.88.94,Cardiff,2021-02-22T19:58:13.543Z
YVWBT-DT20-EE505111-5206-4F82-B11E-5EAD7DAFA601,GB,Youview British Telecom DTR-T2100 Set Top Box,Youview British Telecom DTR-T2100 Set Top Box,86.128.237.229,Stockport,2021-02-20T21:05:54.349Z
SSTV-JZL1-0000000000000006626012,GB,Samsung 2016 Jazz-L UHD TV Smart TV,Samsung 2016 Jazz-L UHD TV Smart TV,86.158.191.136,Hertfordshire,2021-02-19T19:34:14.417Z
NFAPPL-02-IPHONE12=8-9C6B7FDD77C2BB3CE9C238B0F1BCCB2268D86C67083F7DF346EF70D5CC62D030,GB,Apple iPhone SE Gen 2 iPhone,Apple iPhone SE Gen 2 iPhone,2a00:23c4:c04:8301:c077:8e91:13aa:9b0c,Hertfordshire,2021-02-19T16:16:50.473Z
SKUSKYHQW=00000000000000001000000000295519,GB,Sky UK skytitanuk MVPD STB,Sky UK skytitanuk MVPD STB,109.149.120.83,Buckinghamshire,2021-02-19T13:56:25.234Z
SSTV-JZL1-0000000000000006626012,GB,Samsung 2016 Jazz-L UHD TV Smart TV,Samsung 2016 Jazz-L UHD TV Smart TV,86.169.229.152,Sandwell,2021-02-18T20:28:20.467Z
SKUSKYHQW=00000000000000001000000000295519,GB,Sky UK skytitanuk MVPD STB,Sky UK skytitanuk MVPD STB,109.149.204.87,Buckinghamshire,2021-02-14T17:01:14.588Z
SKUSKYHQW=00000000000000001000000000295519,GB,Sky UK skytitanuk MVPD STB,Sky UK skytitanuk MVPD STB,86.185.163.137,Buckinghamshire,2021-02-13T19:51:23.352Z
SSTV-JZL1-0000000000000006626012,GB,Samsung 2016 Jazz-L UHD TV Smart TV,Samsung 2016 Jazz-L UHD TV Smart TV,86.134.127.122,Hertfordshire,2021-02-12T20:02:08.198Z
SKUSKYHQW=00000000000000001000000000295519,GB,Sky UK skytitanuk MVPD STB,Sky UK skytitanuk MVPD STB,86.185.163.137,Buckinghamshire,2021-02-07T17:21:38.253Z
SKUSKYHQW=00000000000000001000000000295519,GB,Sky UK skytitanuk MVPD STB,Sky UK skytitanuk MVPD STB,109.147.156.204,Buckinghamshire,2021-02-04T20:40:57.247Z
NFAPPL-02-IPHONE13=1-EDE9175EA23D28A7CF49845545CCEDB392BC5CDCCF101007D155A283172CB3CE,GB,iPhone 12 Mini,iPhone 12 Mini,2a00:23c4:c04:8301:3027:88ca:ca7e:73e8,Hertfordshire,2021-02-01T19:36:37.230Z
NFAPPL-02-IPHONE12=8-9C6B7FDD77C2BB3CE9C238B0F1BCCB2268D86C67083F7DF346EF70D5CC62D030,GB,Apple iPhone SE Gen 2 iPhone,Apple iPhone SE Gen 2 iPhone,2a00:23c4:c04:8301:5474:1447:5bf2:3759,Hertfordshire,2021-02-01T17:47:04.853Z
NFAPPL-02-IPHONE13=1-EDE9175EA23D28A7CF49845545CCEDB392BC5CDCCF101007D155A283172CB3CE,GB,iPhone 12 Mini,iPhone 12 Mini,2a00:23c4:c04:8301:15c:bf70:83fd:fe51,Hertfordshire,2021-01-30T22:39:39.740Z
SKUSKYHQW=00000000000000001000000000295519,GB,Sky UK skytitanuk MVPD STB,Sky UK skytitanuk MVPD STB,109.147.156.204,Buckinghamshire,2021-01-30T19:48:44.636Z
NFAPPL-02-IPHONE12=8-9C6B7FDD77C2BB3CE9C238B0F1BCCB2268D86C67083F7DF346EF70D5CC62D030,GB,Apple iPhone SE Gen 2 iPhone,Apple iPhone SE Gen 2 iPhone,2a00:23c4:c04:8301:b910:c9a8:29d0:c610,Hertfordshire,2021-01-29T17:31:50.662Z
NFAPPL-02-IPHONE12=8-9C6B7FDD77C2BB3CE9C238B0F1BCCB2268D86C67083F7DF346EF70D5CC62D030,GB,Apple iPhone SE Gen 2 iPhone,Apple iPhone SE Gen 2 iPhone,86.134.127.122,Hertfordshire,2021-01-26T20:28:44.220Z
SKUSKYHQW=00000000000000001000000000295519,GB,Sky UK skytitanuk MVPD STB,Sky UK skytitanuk MVPD STB,109.145.199.226,Buckinghamshire,2021-01-24T18:55:34.263Z
MANGELONFX00000000000000000000000002172714,GB,Vestel MB110/115 Smart TV,Vestel MB110/115 Smart TV,86.134.127.122,Hertfordshire,2021-01-24T09:08:15.401Z
SKUSKYHQW=00000000000000001000000000295519,GB,Sky UK skytitanuk MVPD STB,Sky UK skytitanuk MVPD STB,109.145.199.226,Buckinghamshire,2021-01-23T19:24:24.878Z
SKUSKYHQW=00000000000000001000000000295519,GB,Sky UK skytitanuk MVPD STB,Sky UK skytitanuk MVPD STB,109.147.156.154,Buckinghamshire,2021-01-22T17:45:43.622Z
SKUSKYHQW=00000000000000001000000000295519,GB,Sky UK skytitanuk MVPD STB,Sky UK skytitanuk MVPD STB,86.175.168.125,Buckinghamshire,2021-01-21T18:25:21.414Z
SSTV-JZL1-0000000000000006626012,GB,Samsung 2016 Jazz-L UHD TV Smart TV,Samsung 2016 Jazz-L UHD TV Smart TV,86.134.127.122,Hertfordshire,2021-01-17T19:13:57.951Z
SSTV-JZL1-0000000000000006626012,GB,Samsung 2016 Jazz-L UHD TV Smart TV,Samsung 2016 Jazz-L UHD TV Smart TV,86.132.113.232,"Newry, Mourne and Down",2021-01-12T20:36:13.285Z
SKUSKYHQW=00000000000000001000000000295519,GB,Sky UK skytitanuk MVPD STB,Sky UK skytitanuk MVPD STB,86.175.168.125,Buckinghamshire,2021-01-11T15:47:07.420Z
NFAPPL-02-IPHONE13=1-EDE9175EA23D28A7CF49845545CCEDB392BC5CDCCF101007D155A283172CB3CE,GB,iPhone 12 Mini,iPhone 12 Mini,2a00:23c4:c04:8301:19:5a75:e0b5:b88d,Hertfordshire,2021-01-09T14:06:14.703Z
YVWBT-DT20-EE505111-5206-4F82-B11E-5EAD7DAFA601,GB,Youview British Telecom DTR-T2100 Set Top Box,Youview British Telecom DTR-T2100 Set Top Box,86.181.7.249,Stockport,2021-01-04T22:57:03.806Z
NFAPPL-02-IPHONE12=8-9C6B7FDD77C2BB3CE9C238B0F1BCCB2268D86C67083F7DF346EF70D5CC62D030,GB,Apple iPhone SE Gen 2 iPhone,Apple iPhone SE Gen 2 iPhone,2a00:23c4:c04:8301:1148:83af:dc8d:b964,Hertfordshire,2021-01-02T19:25:48.103Z
YVWBT-DT20-EE505111-5206-4F82-B11E-5EAD7DAFA601,GB,Youview British Telecom DTR-T2100 Set Top Box,Youview British Telecom DTR-T2100 Set Top Box,86.131.141.194,Stockport,2021-01-01T22:09:45.307Z
YVWBT-DT20-EE505111-5206-4F82-B11E-5EAD7DAFA601,GB,Youview British Telecom DTR-T2100 Set Top Box,Youview British Telecom DTR-T2100 Set Top Box,86.131.141.194,Stockport,2020-12-29T21:50:00.792Z
YVWBT-DT20-EE505111-5206-4F82-B11E-5EAD7DAFA601,GB,Youview British Telecom DTR-T2100 Set Top Box,Youview British Telecom DTR-T2100 Set Top Box,86.131.141.194,Stockport,2020-12-29T21:50:00.781Z
NFAPPL-02-IPHONE12=8-9C6B7FDD77C2BB3CE9C238B0F1BCCB2268D86C67083F7DF346EF70D5CC62D030,GB,Apple iPhone SE Gen 2 iPhone,Apple iPhone SE Gen 2 iPhone,2a00:23c4:c04:8301:457d:38d3:9bb9:6c21,Hertfordshire,2020-12-29T19:19:41.554Z
MANGELONFX00000000000000000000000002172714,GB,Vestel MB110/115 Smart TV,Vestel MB110/115 Smart TV,86.132.113.232,"Newry, Mourne and Down",2020-12-29T12:31:30.038Z
NFAPPL-02-IPHONE12=8-9C6B7FDD77C2BB3CE9C238B0F1BCCB2268D86C67083F7DF346EF70D5CC62D030,GB,Apple iPhone SE Gen 2 iPhone,Apple iPhone SE Gen 2 iPhone,2a00:23c4:c04:8301:75f7:b47a:96ea:4962,Hertfordshire,2020-12-28T21:30:32.629Z
YVWBT-DT20-EE505111-5206-4F82-B11E-5EAD7DAFA601,GB,Youview British Telecom DTR-T2100 Set Top Box,Youview British Telecom DTR-T2100 Set Top Box,86.175.14.50,Stockport,2020-12-28T20:11:38.939Z
NFANDROID3-PRV-0-OCULUQUEST-17676-396EC76C7E5EA0D28D10DBDF263AC069D1046E3CB2654B3975ADA849B29D0AE8,GB,Netflix Oculus VR Android Phone,Netflix Oculus VR Android Phone,86.132.113.232,"Newry, Mourne and Down",2020-12-28T15:13:03.412Z
YVWBT-DT20-EE505111-5206-4F82-B11E-5EAD7DAFA601,GB,Youview British Telecom DTR-T2100 Set Top Box,Youview British Telecom DTR-T2100 Set Top Box,86.175.14.50,Stockport,2020-12-26T21:51:50.519Z
YVWBT-DT20-EE505111-5206-4F82-B11E-5EAD7DAFA601,GB,Youview British Telecom DTR-T2100 Set Top Box,Youview British Telecom DTR-T2100 Set Top Box,86.175.14.50,Stockport,2020-12-26T21:51:50.510Z
SSTV-JZL1-0000000000000006626012,GB,Samsung 2016 Jazz-L UHD TV Smart TV,Samsung 2016 Jazz-L UHD TV Smart TV,86.132.113.232,"Newry, Mourne and Down",2020-12-26T19:52:57.000Z
NFANDROID3-PRV-0-OCULUQUEST-17676-396EC76C7E5EA0D28D10DBDF263AC069D1046E3CB2654B3975ADA849B29D0AE8,GB,Netflix Oculus VR Android Phone,Netflix Oculus VR Android Phone,86.132.113.232,"Newry, Mourne and Down",2020-12-26T12:36:47.393Z
SSTV-JZL1-0000000000000006626012,GB,Samsung 2016 Jazz-L UHD TV Smart TV,Samsung 2016 Jazz-L UHD TV Smart TV,86.158.191.191,Hertfordshire,2020-12-24T15:25:03.213Z
MANGELONFX00000000000000000000000002172714,GB,Vestel MB110/115 Smart TV,Vestel MB110/115 Smart TV,86.158.191.191,Hertfordshire,2020-12-24T14:08:33.286Z
NFAPPL-02-IPHONE12=8-9C6B7FDD77C2BB3CE9C238B0F1BCCB2268D86C67083F7DF346EF70D5CC62D030,GB,Apple iPhone SE Gen 2 iPhone,Apple iPhone SE Gen 2 iPhone,2a00:23c4:c04:8301:2540:ac72:64bb:3c95,Hertfordshire,2020-12-23T19:33:49.984Z
NFAPPL-02-IPHONE13=1-EDE9175EA23D28A7CF49845545CCEDB392BC5CDCCF101007D155A283172CB3CE,GB,iPhone 12 Mini,iPhone 12 Mini,2a00:23c4:c04:8301:3824:87f6:f382:e856,Hertfordshire,2020-12-18T16:56:28.303Z
SKUSKYHQW=00000000000000001000000000295519,GB,Sky UK skytitanuk MVPD STB,Sky UK skytitanuk MVPD STB,109.149.120.99,Buckinghamshire,2020-11-29T17:26:14.404Z
MANGELONFX00000000000000000000000002172714,GB,Vestel MB110/115 Smart TV,Vestel MB110/115 Smart TV,86.158.191.191,Hertfordshire,2020-11-28T13:09:22.831Z
NFAPPL-02-IPHONE12=8-9C6B7FDD77C2BB3CE9C238B0F1BCCB2268D86C67083F7DF346EF70D5CC62D030,GB,Apple iPhone SE Gen 2 iPhone,Apple iPhone SE Gen 2 iPhone,2a00:23c4:c04:8301:a0ea:7114:cc26:a1ff,Hertfordshire,2020-11-27T19:40:04.435Z
SSTV-JZL1-0000000000000006626012,GB,Samsung 2016 Jazz-L UHD TV Smart TV,Samsung 2016 Jazz-L UHD TV Smart TV,86.158.191.191,Hertfordshire,2020-10-31T21:29:40.819Z
SSTV-JZL1-0000000000000006626012,GB,Samsung 2016 Jazz-L UHD TV Smart TV,Samsung 2016 Jazz-L UHD TV Smart TV,86.167.92.103,Staffordshire,2020-10-29T20:58:37.339Z
YVWBT-DT20-EE505111-5206-4F82-B11E-5EAD7DAFA601,GB,Youview British Telecom DTR-T2100 Set Top Box,Youview British Telecom DTR-T2100 Set Top Box,86.146.98.170,Cheshire East,2020-10-24T21:04:44.816Z
YVWBT-DT20-EE505111-5206-4F82-B11E-5EAD7DAFA601,GB,Youview British Telecom DTR-T2100 Set Top Box,Youview British Telecom DTR-T2100 Set Top Box,86.146.98.170,Cheshire East,2020-10-24T21:04:44.807Z
SSTV-JZL1-0000000000000006626012,GB,Samsung 2016 Jazz-L UHD TV Smart TV,Samsung 2016 Jazz-L UHD TV Smart TV,86.167.92.103,Staffordshire,2020-10-14T19:31:23.083Z
SSTV-JZL1-0000000000000006626012,GB,Samsung 2016 Jazz-L UHD TV Smart TV,Samsung 2016 Jazz-L UHD TV Smart TV,62.172.88.77,Hertfordshire,2020-10-13T19:12:10.324Z
SSTV-JZL1-0000000000000006626012,GB,Samsung 2016 Jazz-L UHD TV Smart TV,Samsung 2016 Jazz-L UHD TV Smart TV,62.172.88.77,Hertfordshire,2020-09-28T11:46:52.630Z
YVWBT-DT20-EE505111-5206-4F82-B11E-5EAD7DAFA601,GB,Youview British Telecom DTR-T2100 Set Top Box,Youview British Telecom DTR-T2100 Set Top Box,86.180.191.228,Stockport,2020-09-27T19:02:10.369Z
SKUSKYHQW=00000000000000001000000000295519,GB,Sky UK skytitanuk MVPD STB,Sky UK skytitanuk MVPD STB,109.149.204.148,Oxfordshire,2020-09-27T15:48:08.436Z
NFANDROID2-PRV-SONYANDROIDTV2018M24K-SONY=BRAVIA=4K=GB=ATV3-7506-3FC450552AF29994377F37A84CF42069403AFB29996B7C4B54A9CB5875599942,GB,Sony Sony Android TV 2018 M2 4K Smart TV,Sony Sony Android TV 2018 M2 4K Smart TV,88.215.35.28,Suffolk,2020-09-22T07:20:47.151Z
NFANDROID2-PRV-SONYANDROIDTV2018M24K-SONY=BRAVIA=4K=GB=ATV3-7506-3FC450552AF29994377F37A84CF42069403AFB29996B7C4B54A9CB5875599942,GB,Sony Sony Android TV 2018 M2 4K Smart TV,Sony Sony Android TV 2018 M2 4K Smart TV,88.215.35.28,Suffolk,2020-09-19T08:42:40.257Z
SSTV-JZL1-0000000000000006626012,GB,Samsung 2016 Jazz-L UHD TV Smart TV,Samsung 2016 Jazz-L UHD TV Smart TV,86.134.236.50,Aberdeenshire,2020-09-17T18:28:20.859Z
NFANDROID2-PRV-SONYANDROIDTV2018M24K-SONY=BRAVIA=4K=GB=ATV3-7506-3FC450552AF29994377F37A84CF42069403AFB29996B7C4B54A9CB5875599942,GB,Sony Sony Android TV 2018 M2 4K Smart TV,Sony Sony Android TV 2018 M2 4K Smart TV,88.215.37.223,Gwynedd,2020-09-07T14:06:39.347Z
SSTV-JZL1-0000000000000006626012,GB,Samsung 2016 Jazz-L UHD TV Smart TV,Samsung 2016 Jazz-L UHD TV Smart TV,86.134.236.50,Aberdeenshire,2020-09-06T18:19:08.207Z
SSTV-JZL1-0000000000000006626012,GB,Samsung 2016 Jazz-L UHD TV Smart TV,Samsung 2016 Jazz-L UHD TV Smart TV,31.48.249.49,Cardiff,2020-09-05T21:05:13.952Z
MANGELONFX00000000000000000000000002172714,GB,Vestel MB110/115 Smart TV,Vestel MB110/115 Smart TV,31.48.249.49,Cardiff,2020-09-04T17:37:54.138Z
SSTV-JZL1-0000000000000006626012,GB,Samsung 2016 Jazz-L UHD TV Smart TV,Samsung 2016 Jazz-L UHD TV Smart TV,31.48.249.49,Cardiff,2020-09-02T08:01:26.957Z
NFANDROID2-PRV-SONYANDROIDTV2018M24K-SONY=BRAVIA=4K=GB=ATV3-7506-3FC450552AF29994377F37A84CF42069403AFB29996B7C4B54A9CB5875599942,GB,Sony Sony Android TV 2018 M2 4K Smart TV,Sony Sony Android TV 2018 M2 4K Smart TV,88.215.37.223,Gwynedd,2020-09-01T20:10:23.710Z
SSTV-JZL1-0000000000000006626012,GB,Samsung 2016 Jazz-L UHD TV Smart TV,Samsung 2016 Jazz-L UHD TV Smart TV,86.153.137.252,Aberdeenshire,2020-08-29T14:53:42.912Z
SKUSKYHQW=00000000000000001000000000295519,GB,Sky UK skytitanuk MVPD STB,Sky UK skytitanuk MVPD STB,109.150.64.64,Buckinghamshire,2020-08-28T20:28:42.422Z
MANGELONFX00000000000000000000000002172714,GB,Vestel MB110/115 Smart TV,Vestel MB110/115 Smart TV,86.153.137.252,Aberdeenshire,2020-08-27T17:16:04.778Z
MANGELONFX00000000000000000000000002172714,GB,Vestel MB110/115 Smart TV,Vestel MB110/115 Smart TV,86.153.137.252,Aberdeenshire,2020-08-26T17:27:29.708Z
NFANDROID2-PRV-SONYANDROIDTV2018M24K-SONY=BRAVIA=4K=GB=ATV3-7506-3FC450552AF29994377F37A84CF42069403AFB29996B7C4B54A9CB5875599942,GB,Sony Sony Android TV 2018 M2 4K Smart TV,Sony Sony Android TV 2018 M2 4K Smart TV,88.215.35.28,Suffolk,2020-08-04T18:32:43.376Z
NFANDROID2-PRV-SONYANDROIDTV2018M24K-SONY=BRAVIA=4K=GB=ATV3-7506-3FC450552AF29994377F37A84CF42069403AFB29996B7C4B54A9CB5875599942,GB,Sony Sony Android TV 2018 M2 4K Smart TV,Sony Sony Android TV 2018 M2 4K Smart TV,88.215.35.28,Suffolk,2020-08-02T21:41:47.701Z
NFANDROID2-PRV-SONYANDROIDTV2018M24K-SONY=BRAVIA=4K=GB=ATV3-7506-3FC450552AF29994377F37A84CF42069403AFB29996B7C4B54A9CB5875599942,GB,Sony Sony Android TV 2018 M2 4K Smart TV,Sony Sony Android TV 2018 M2 4K Smart TV,51.219.155.217,Gwynedd,2020-08-02T18:39:28.857Z
YVWBT-DT20-EE505111-5206-4F82-B11E-5EAD7DAFA601,GB,Youview British Telecom DTR-T2100 Set Top Box,Youview British Telecom DTR-T2100 Set Top Box,86.128.237.222,Cheshire East,2020-07-21T16:12:08.025Z
YVWBT-DT20-EE505111-5206-4F82-B11E-5EAD7DAFA601,GB,Youview British Telecom DTR-T2100 Set Top Box,Youview British Telecom DTR-T2100 Set Top Box,86.128.237.222,Cheshire East,2020-07-21T08:09:49.827Z
YVWBT-DT20-EE505111-5206-4F82-B11E-5EAD7DAFA601,GB,Youview British Telecom DTR-T2100 Set Top Box,Youview British Telecom DTR-T2100 Set Top Box,86.128.237.222,Cheshire East,2020-07-21T08:09:49.815Z
SSTV-JZL1-0000000000000006626012,GB,Samsung 2016 Jazz-L UHD TV Smart TV,Samsung 2016 Jazz-L UHD TV Smart TV,86.153.137.252,Aberdeenshire,2020-07-18T21:49:35.535Z
YVWBT-DT20-EE505111-5206-4F82-B11E-5EAD7DAFA601,GB,Youview British Telecom DTR-T2100 Set Top Box,Youview British Telecom DTR-T2100 Set Top Box,86.158.131.55,Stockport,2020-07-14T21:08:11.510Z
SSTV-JZL1-0000000000000006626012,GB,Samsung 2016 Jazz-L UHD TV Smart TV,Samsung 2016 Jazz-L UHD TV Smart TV,62.172.88.83,Bath and North East Somerset,2020-07-10T14:13:54.837Z
SKUSKYHQW=00000000000000001000000000295519,GB,Sky UK skytitanuk MVPD STB,Sky UK skytitanuk MVPD STB,86.175.168.111,Oxfordshire,2020-07-09T19:27:55.973Z
YVWBT-DT20-EE505111-5206-4F82-B11E-5EAD7DAFA601,GB,Youview British Telecom DTR-T2100 Set Top Box,Youview British Telecom DTR-T2100 Set Top Box,86.158.131.55,Stockport,2020-07-06T18:46:55.585Z
YVWBT-DT20-EE505111-5206-4F82-B11E-5EAD7DAFA601,GB,Youview British Telecom DTR-T2100 Set Top Box,Youview British Telecom DTR-T2100 Set Top Box,86.158.131.55,Stockport,2020-07-06T18:46:55.575Z
SKUSKYHQW=00000000000000001000000000295519,GB,Sky UK skytitanuk MVPD STB,Sky UK skytitanuk MVPD STB,86.175.168.111,Oxfordshire,2020-07-04T18:32:52.437Z
YVWBT-DT20-EE505111-5206-4F82-B11E-5EAD7DAFA601,GB,Youview British Telecom DTR-T2100 Set Top Box,Youview British Telecom DTR-T2100 Set Top Box,86.158.131.35,Stockport,2020-07-03T20:11:19.939Z
YVWBT-DT20-EE505111-5206-4F82-B11E-5EAD7DAFA601,GB,Youview British Telecom DTR-T2100 Set Top Box,Youview British Telecom DTR-T2100 Set Top Box,86.158.131.35,Stockport,2020-07-02T13:04:04.658Z
YVWBT-DT20-EE505111-5206-4F82-B11E-5EAD7DAFA601,GB,Youview British Telecom DTR-T2100 Set Top Box,Youview British Telecom DTR-T2100 Set Top Box,86.158.131.35,Stockport,2020-07-02T13:04:04.645Z
YVWBT-DT20-EE505111-5206-4F82-B11E-5EAD7DAFA601,GB,Youview British Telecom DTR-T2100 Set Top Box,Youview British Telecom DTR-T2100 Set Top Box,31.49.228.59,Stockport,2020-07-01T19:52:08.877Z
YVWBT-DT20-EE505111-5206-4F82-B11E-5EAD7DAFA601,GB,Youview British Telecom DTR-T2100 Set Top Box,Youview British Telecom DTR-T2100 Set Top Box,31.49.228.59,Stockport,2020-06-29T18:03:38.877Z
YVWBT-DT20-EE505111-5206-4F82-B11E-5EAD7DAFA601,GB,Youview British Telecom DTR-T2100 Set Top Box,Youview British Telecom DTR-T2100 Set Top Box,31.49.228.59,Stockport,2020-06-29T18:03:38.867Z
SKUSKYHQW=00000000000000001000000000295519,GB,Sky UK skytitanuk MVPD STB,Sky UK skytitanuk MVPD STB,109.152.212.32,Buckinghamshire,2020-06-21T19:58:33.970Z
SKUSKYHQW=00000000000000001000000000295519,GB,Sky UK skytitanuk MVPD STB,Sky UK skytitanuk MVPD STB,109.152.212.32,Buckinghamshire,2020-06-18T19:48:50.044Z
YVWBT-DT20-EE505111-5206-4F82-B11E-5EAD7DAFA601,GB,Youview British Telecom DTR-T2100 Set Top Box,Youview British Telecom DTR-T2100 Set Top Box,165.120.180.183,Sutton,2020-06-17T20:26:56.031Z
SKUSKYHQW=00000000000000001000000000295519,GB,Sky UK skytitanuk MVPD STB,Sky UK skytitanuk MVPD STB,109.151.238.37,Blackburn with Darwen,2020-06-14T19:32:59.469Z
YVWBT-DT20-EE505111-5206-4F82-B11E-5EAD7DAFA601,GB,Youview British Telecom DTR-T2100 Set Top Box,Youview British Telecom DTR-T2100 Set Top Box,165.120.180.183,Sutton,2020-06-13T09:26:18.240Z
YVWBT-DT20-EE505111-5206-4F82-B11E-5EAD7DAFA601,GB,Youview British Telecom DTR-T2100 Set Top Box,Youview British Telecom DTR-T2100 Set Top Box,165.120.180.183,Sutton,2020-06-13T09:26:18.232Z
SKUSKYHQW=00000000000000001000000000295519,GB,Sky UK skytitanuk MVPD STB,Sky UK skytitanuk MVPD STB,109.151.238.37,Blackburn with Darwen,2020-06-11T19:04:24.927Z
YVWBT-DT20-EE505111-5206-4F82-B11E-5EAD7DAFA601,GB,Youview British Telecom DTR-T2100 Set Top Box,Youview British Telecom DTR-T2100 Set Top Box,81.129.41.239,Stockport,2020-06-07T09:50:28.404Z
YVWBT-DT20-EE505111-5206-4F82-B11E-5EAD7DAFA601,GB,Youview British Telecom DTR-T2100 Set Top Box,Youview British Telecom DTR-T2100 Set Top Box,81.129.41.239,Stockport,2020-06-07T09:50:28.395Z
SKUSKYHQW=00000000000000001000000000295519,GB,Sky UK skytitanuk MVPD STB,Sky UK skytitanuk MVPD STB,109.152.94.154,Essex,2020-05-31T20:40:01.605Z
SSTV-JZL1-0000000000000006626012,GB,Samsung 2016 Jazz-L UHD TV Smart TV,Samsung 2016 Jazz-L UHD TV Smart TV,62.172.88.83,Bath and North East Somerset,2020-05-13T13:46:50.586Z
SSTV-JZL1-0000000000000006626012,GB,Samsung 2016 Jazz-L UHD TV Smart TV,Samsung 2016 Jazz-L UHD TV Smart TV,86.180.23.236,Essex,2020-05-05T08:00:29.318Z
MANGELONFX00000000000000000000000002172714,GB,Vestel MB110/115 Smart TV,Vestel MB110/115 Smart TV,86.180.23.236,Essex,2020-05-03T07:07:01.165Z
SSTV-JZL1-0000000000000006626012,GB,Samsung 2016 Jazz-L UHD TV Smart TV,Samsung 2016 Jazz-L UHD TV Smart TV,86.180.23.236,Essex,2020-05-01T19:45:49.620Z
SSTV-JZL1-0000000000000006626012,GB,Samsung 2016 Jazz-L UHD TV Smart TV,Samsung 2016 Jazz-L UHD TV Smart TV,31.54.69.80,Hertfordshire,2020-04-27T08:03:39.995Z
SSTV-JZL1-0000000000000006626012,GB,Samsung 2016 Jazz-L UHD TV Smart TV,Samsung 2016 Jazz-L UHD TV Smart TV,86.157.34.35,Hertfordshire,2020-04-23T20:15:00.493Z
YVWBT-DT20-EE505111-5206-4F82-B11E-5EAD7DAFA601,GB,Youview British Telecom DTR-T2100 Set Top Box,Youview British Telecom DTR-T2100 Set Top Box,109.154.227.98,Stockport,2020-04-08T21:09:17.921Z
SKUSKYHQW=00000000000000001000000000295519,GB,Sky UK skytitanuk MVPD STB,Sky UK skytitanuk MVPD STB,109.152.94.154,Essex,2020-04-02T18:27:47.663Z
YVWBT-DT20-EE505111-5206-4F82-B11E-5EAD7DAFA601,GB,Youview British Telecom DTR-T2100 Set Top Box,Youview British Telecom DTR-T2100 Set Top Box,86.131.141.224,Cheshire East,2020-04-01T11:43:17.243Z
SKUSKYHQW=00000000000000001000000000295519,GB,Sky UK skytitanuk MVPD STB,Sky UK skytitanuk MVPD STB,86.173.172.201,Buckinghamshire,2020-03-30T14:56:03.162Z
YVWBT-DT20-EE505111-5206-4F82-B11E-5EAD7DAFA601,GB,Youview British Telecom DTR-T2100 Set Top Box,Youview British Telecom DTR-T2100 Set Top Box,86.131.141.224,Cheshire East,2020-03-26T21:55:24.825Z
YVWBT-DT20-EE505111-5206-4F82-B11E-5EAD7DAFA601,GB,Youview British Telecom DTR-T2100 Set Top Box,Youview British Telecom DTR-T2100 Set Top Box,86.180.191.158,Stockport,2020-03-25T22:02:16.584Z
MANGELONFX00000000000000000000000002172714,GB,Vestel MB110/115 Smart TV,Vestel MB110/115 Smart TV,86.157.34.35,Hertfordshire,2020-03-24T19:43:21.550Z
YVWBT-DT20-EE505111-5206-4F82-B11E-5EAD7DAFA601,GB,Youview British Telecom DTR-T2100 Set Top Box,Youview British Telecom DTR-T2100 Set Top Box,86.162.208.129,Stockport,2020-03-24T19:06:07.558Z
MANGELONFX00000000000000000000000002172714,GB,Vestel MB110/115 Smart TV,Vestel MB110/115 Smart TV,86.157.34.35,Hertfordshire,2020-03-23T19:43:59.307Z
SSTV-JZL1-0000000000000006626012,GB,Samsung 2016 Jazz-L UHD TV Smart TV,Samsung 2016 Jazz-L UHD TV Smart TV,86.157.34.35,Hertfordshire,2020-03-08T19:22:27.185Z
YVWBT-DT20-EE505111-5206-4F82-B11E-5EAD7DAFA601,GB,Youview British Telecom DTR-T2100 Set Top Box,Youview British Telecom DTR-T2100 Set Top Box,165.120.242.18,Wiltshire,2020-02-27T23:05:44.224Z
YVWBT-DT20-EE505111-5206-4F82-B11E-5EAD7DAFA601,GB,Youview British Telecom DTR-T2100 Set Top Box,Youview British Telecom DTR-T2100 Set Top Box,165.120.242.18,Wiltshire,2020-02-27T23:05:44.213Z
SSTV-JZL1-0000000000000006626012,GB,Samsung 2016 Jazz-L UHD TV Smart TV,Samsung 2016 Jazz-L UHD TV Smart TV,86.158.191.168,Hertfordshire,2020-02-27T20:21:02.381Z
MANGELONFX00000000000000000000000002172714,GB,Vestel MB110/115 Smart TV,Vestel MB110/115 Smart TV,86.158.191.168,Hertfordshire,2020-02-27T19:29:06.834Z
MANGELONFX00000000000000000000000002172714,GB,Vestel MB110/115 Smart TV,Vestel MB110/115 Smart TV,86.158.191.168,Hertfordshire,2020-02-24T20:32:48.713Z
SKUSKYHQW=00000000000000001000000000295519,GB,Sky UK skytitanuk MVPD STB,Sky UK skytitanuk MVPD STB,86.173.172.201,Buckinghamshire,2020-02-23T15:32:30.468Z
SSTV-JZL1-0000000000000006626012,GB,Samsung 2016 Jazz-L UHD TV Smart TV,Samsung 2016 Jazz-L UHD TV Smart TV,86.158.191.168,Hertfordshire,2020-02-21T16:40:13.611Z
SSTV-JZL1-0000000000000006626012,GB,Samsung 2016 Jazz-L UHD TV Smart TV,Samsung 2016 Jazz-L UHD TV Smart TV,109.150.167.177,Norfolk,2020-02-20T20:26:59.068Z
SSTV-JZL1-0000000000000006626012,GB,Samsung 2016 Jazz-L UHD TV Smart TV,Samsung 2016 Jazz-L UHD TV Smart TV,109.150.167.177,Norfolk,2020-02-17T20:02:20.027Z
SSTV-JZL1-0000000000000006626012,GB,Samsung 2016 Jazz-L UHD TV Smart TV,Samsung 2016 Jazz-L UHD TV Smart TV,86.190.40.83,Cardiff,2020-02-15T20:46:31.854Z
YVWBT-DT20-EE505111-5206-4F82-B11E-5EAD7DAFA601,GB,Youview British Telecom DTR-T2100 Set Top Box,Youview British Telecom DTR-T2100 Set Top Box,86.173.56.121,Stockport,2020-02-15T18:20:21.308Z
YVWBT-DT20-EE505111-5206-4F82-B11E-5EAD7DAFA601,GB,Youview British Telecom DTR-T2100 Set Top Box,Youview British Telecom DTR-T2100 Set Top Box,86.173.56.121,Stockport,2020-02-15T18:20:21.299Z
MANGELONFX00000000000000000000000002172714,GB,Vestel MB110/115 Smart TV,Vestel MB110/115 Smart TV,86.190.40.83,Cardiff,2020-02-08T08:52:23.914Z
SSTV-JZL1-0000000000000006626012,GB,Samsung 2016 Jazz-L UHD TV Smart TV,Samsung 2016 Jazz-L UHD TV Smart TV,86.190.40.83,Cardiff,2020-01-22T20:49:14.408Z
SSTV-JZL1-0000000000000006626012,GB,Samsung 2016 Jazz-L UHD TV Smart TV,Samsung 2016 Jazz-L UHD TV Smart TV,86.132.113.214,Hertfordshire,2020-01-05T00:11:51.395Z
YVWBT-DT20-EE505111-5206-4F82-B11E-5EAD7DAFA601,GB,Youview British Telecom DTR-T2100 Set Top Box,Youview British Telecom DTR-T2100 Set Top Box,165.120.248.166,Wokingham,2020-01-01T19:00:39.945Z
YVWBT-DT20-EE505111-5206-4F82-B11E-5EAD7DAFA601,GB,Youview British Telecom DTR-T2100 Set Top Box,Youview British Telecom DTR-T2100 Set Top Box,165.120.248.166,Wokingham,2020-01-01T19:00:39.936Z
SSTV-JZL1-0000000000000006626012,GB,Samsung 2016 Jazz-L UHD TV Smart TV,Samsung 2016 Jazz-L UHD TV Smart TV,86.132.113.145,Hertfordshire,2019-12-18T21:01:27.957Z
YVWBT-DT20-EE505111-5206-4F82-B11E-5EAD7DAFA601,GB,Youview British Telecom DTR-T2100 Set Top Box,Youview British Telecom DTR-T2100 Set Top Box,165.120.239.154,Edinburgh,2019-12-12T21:06:52.153Z
YVWBT-DT20-EE505111-5206-4F82-B11E-5EAD7DAFA601,GB,Youview British Telecom DTR-T2100 Set Top Box,Youview British Telecom DTR-T2100 Set Top Box,86.180.228.197,Cheshire East,2019-12-07T21:29:08.609Z
SSTV-JZL1-0000000000000006626012,GB,Samsung 2016 Jazz-L UHD TV Smart TV,Samsung 2016 Jazz-L UHD TV Smart TV,86.132.113.145,Hertfordshire,2019-12-05T19:51:57.941Z
SSTV-JZL1-0000000000000006626012,GB,Samsung 2016 Jazz-L UHD TV Smart TV,Samsung 2016 Jazz-L UHD TV Smart TV,86.157.34.85,Hertfordshire,2019-12-03T21:40:12.982Z
SSTV-JZL1-0000000000000006626012,GB,Samsung 2016 Jazz-L UHD TV Smart TV,Samsung 2016 Jazz-L UHD TV Smart TV,86.157.34.85,Hertfordshire,2019-12-02T15:30:12.695Z
SSTV-JZL1-0000000000000006626012,GB,Samsung 2016 Jazz-L UHD TV Smart TV,Samsung 2016 Jazz-L UHD TV Smart TV,86.144.137.97,Hertfordshire,2019-11-30T21:03:47.597Z
SSTV-JZL1-0000000000000006626012,GB,Samsung 2016 Jazz-L UHD TV Smart TV,Samsung 2016 Jazz-L UHD TV Smart TV,86.144.137.97,Hertfordshire,2019-11-17T10:06:36.822Z
SSTV-JZL1-0000000000000006626012,GB,Samsung 2016 Jazz-L UHD TV Smart TV,Samsung 2016 Jazz-L UHD TV Smart TV,86.178.213.84,Hertfordshire,2019-11-16T19:08:46.744Z
SSTV-JZL1-0000000000000006626012,GB,Samsung 2016 Jazz-L UHD TV Smart TV,Samsung 2016 Jazz-L UHD TV Smart TV,31.48.249.89,Hertfordshire,2019-11-16T17:30:22.446Z
SSTV-JZL1-0000000000000006626012,GB,Samsung 2016 Jazz-L UHD TV Smart TV,Samsung 2016 Jazz-L UHD TV Smart TV,86.169.85.228,Essex,2019-11-06T23:13:16.547Z
YVWBT-DT20-EE505111-5206-4F82-B11E-5EAD7DAFA601,GB,Youview British Telecom DTR-T2100 Set Top Box,Youview British Telecom DTR-T2100 Set Top Box,86.128.237.175,Stockport,2019-11-01T21:39:46.210Z
YVWBT-DT20-EE505111-5206-4F82-B11E-5EAD7DAFA601,GB,Youview British Telecom DTR-T2100 Set Top Box,Youview British Telecom DTR-T2100 Set Top Box,86.128.237.175,Stockport,2019-11-01T21:39:46.202Z
SSTV-JZL1-0000000000000006626012,GB,Samsung 2016 Jazz-L UHD TV Smart TV,Samsung 2016 Jazz-L UHD TV Smart TV,86.169.85.228,Essex,2019-10-22T19:48:21.355Z
SSTV-JZL1-0000000000000006626012,GB,Samsung 2016 Jazz-L UHD TV Smart TV,Samsung 2016 Jazz-L UHD TV Smart TV,86.169.229.191,"Newry, Mourne and Down",2019-10-19T19:04:17.005Z
SSTV-JZL1-0000000000000006626012,GB,Samsung 2016 Jazz-L UHD TV Smart TV,Samsung 2016 Jazz-L UHD TV Smart TV,86.169.30.153,Hertfordshire,2019-10-16T19:15:26.791Z
SSTV-JZL1-0000000000000006626012,GB,Samsung 2016 Jazz-L UHD TV Smart TV,Samsung 2016 Jazz-L UHD TV Smart TV,86.180.23.220,Sandwell,2019-10-11T21:41:32.420Z
SSTV-JZL1-0000000000000006626012,GB,Samsung 2016 Jazz-L UHD TV Smart TV,Samsung 2016 Jazz-L UHD TV Smart TV,86.180.23.220,Sandwell,2019-09-29T19:11:10.104Z
SSTV-JZL1-0000000000000006626012,GB,Samsung 2016 Jazz-L UHD TV Smart TV,Samsung 2016 Jazz-L UHD TV Smart TV,86.180.23.154,Hertfordshire,2019-09-18T18:57:51.379Z
YVWBT-DT20-EE505111-5206-4F82-B11E-5EAD7DAFA601,GB,Youview British Telecom DTR-T2100 Set Top Box,Youview British Telecom DTR-T2100 Set Top Box,86.158.131.69,Stockport,2019-09-15T09:46:37.450Z
YVWBT-DT20-EE505111-5206-4F82-B11E-5EAD7DAFA601,GB,Youview British Telecom DTR-T2100 Set Top Box,Youview British Telecom DTR-T2100 Set Top Box,86.158.131.69,Stockport,2019-09-14T23:22:30.814Z
YVWBT-DT20-EE505111-5206-4F82-B11E-5EAD7DAFA601,GB,Youview British Telecom DTR-T2100 Set Top Box,Youview British Telecom DTR-T2100 Set Top Box,86.158.131.69,Stockport,2019-09-14T23:22:30.805Z
SSTV-JZL1-0000000000000006626012,GB,Samsung 2016 Jazz-L UHD TV Smart TV,Samsung 2016 Jazz-L UHD TV Smart TV,86.180.23.154,Hertfordshire,2019-09-14T07:27:21.349Z
SSTV-JZL1-0000000000000006626012,GB,Samsung 2016 Jazz-L UHD TV Smart TV,Samsung 2016 Jazz-L UHD TV Smart TV,86.157.34.22,Hertfordshire,2019-09-07T17:49:08.100Z
YVWBT-DT20-EE505111-5206-4F82-B11E-5EAD7DAFA601,GB,Youview British Telecom DTR-T2100 Set Top Box,Youview British Telecom DTR-T2100 Set Top Box,165.120.230.63,Rochdale,2019-08-31T21:17:04.525Z
SSTV-JZL1-0000000000000006626012,GB,Samsung 2016 Jazz-L UHD TV Smart TV,Samsung 2016 Jazz-L UHD TV Smart TV,86.157.34.22,Hertfordshire,2019-08-24T20:00:50.639Z
SSTV-JZL1-0000000000000006626012,GB,Samsung 2016 Jazz-L UHD TV Smart TV,Samsung 2016 Jazz-L UHD TV Smart TV,81.147.5.234,Hertfordshire,2019-08-16T19:32:26.839Z
YVWBT-DT20-EE505111-5206-4F82-B11E-5EAD7DAFA601,GB,Youview British Telecom DTR-T2100 Set Top Box,Youview British Telecom DTR-T2100 Set Top Box,165.120.77.230,Devon,2019-08-14T22:52:01.508Z
YVWBT-DT20-EE505111-5206-4F82-B11E-5EAD7DAFA601,GB,Youview British Telecom DTR-T2100 Set Top Box,Youview British Telecom DTR-T2100 Set Top Box,165.120.77.230,Devon,2019-08-11T21:32:32.806Z
SSTV-JZL1-0000000000000006626012,GB,Samsung 2016 Jazz-L UHD TV Smart TV,Samsung 2016 Jazz-L UHD TV Smart TV,81.147.5.234,Hertfordshire,2019-08-03T19:38:48.348Z
SSTV-JZL1-0000000000000006626012,GB,Samsung 2016 Jazz-L UHD TV Smart TV,Samsung 2016 Jazz-L UHD TV Smart TV,86.153.137.163,Cardiff,2019-07-30T12:21:24.884Z
SSTV-JZL1-0000000000000006626012,GB,Samsung 2016 Jazz-L UHD TV Smart TV,Samsung 2016 Jazz-L UHD TV Smart TV,86.153.137.163,Cardiff,2019-07-20T09:52:56.349Z
SSTV-JZL1-0000000000000006626012,GB,Samsung 2016 Jazz-L UHD TV Smart TV,Samsung 2016 Jazz-L UHD TV Smart TV,31.48.249.52,Cardiff,2019-07-19T19:49:37.481Z
YVWBT-DT20-EE505111-5206-4F82-B11E-5EAD7DAFA601,GB,Youview British Telecom DTR-T2100 Set Top Box,Youview British Telecom DTR-T2100 Set Top Box,165.120.222.191,Lancashire,2019-07-11T21:18:44.321Z
SSTV-JZL1-0000000000000006626012,GB,Samsung 2016 Jazz-L UHD TV Smart TV,Samsung 2016 Jazz-L UHD TV Smart TV,86.157.34.91,Cardiff,2019-06-28T19:03:44.751Z
SSTV-JZL1-0000000000000006626012,GB,Samsung 2016 Jazz-L UHD TV Smart TV,Samsung 2016 Jazz-L UHD TV Smart TV,86.157.34.91,Cardiff,2019-06-22T21:16:46.764Z
SSTV-JZL1-0000000000000006626012,GB,Samsung 2016 Jazz-L UHD TV Smart TV,Samsung 2016 Jazz-L UHD TV Smart TV,86.190.40.58,Causeway Coast and Glens,2019-06-21T19:14:31.037Z
SSTV-JZL1-0000000000000006626012,GB,Samsung 2016 Jazz-L UHD TV Smart TV,Samsung 2016 Jazz-L UHD TV Smart TV,86.190.40.58,Causeway Coast and Glens,2019-06-09T17:38:30.357Z
SSTV-JZL1-0000000000000006626012,GB,Samsung 2016 Jazz-L UHD TV Smart TV,Samsung 2016 Jazz-L UHD TV Smart TV,109.150.177.93,Dorset,2019-06-02T18:38:03.772Z
YVWBT-DT20-EE505111-5206-4F82-B11E-5EAD7DAFA601,GB,Youview British Telecom DTR-T2100 Set Top Box,Youview British Telecom DTR-T2100 Set Top Box,86.181.25.84,Stockport,2019-06-01T22:16:32.259Z
YVWBT-DT20-EE505111-5206-4F82-B11E-5EAD7DAFA601,GB,Youview British Telecom DTR-T2100 Set Top Box,Youview British Telecom DTR-T2100 Set Top Box,86.181.25.84,Stockport,2019-06-01T22:16:32.249Z
SSTV-JZL1-0000000000000006626012,GB,Samsung 2016 Jazz-L UHD TV Smart TV,Samsung 2016 Jazz-L UHD TV Smart TV,109.150.177.93,Dorset,2019-05-26T19:40:51.406Z
SSTV-JZL1-0000000000000006626012,GB,Samsung 2016 Jazz-L UHD TV Smart TV,Samsung 2016 Jazz-L UHD TV Smart TV,86.134.236.103,Hertfordshire,2019-05-21T19:33:46.361Z
SSTV-JZL1-0000000000000006626012,GB,Samsung 2016 Jazz-L UHD TV Smart TV,Samsung 2016 Jazz-L UHD TV Smart TV,86.134.236.103,Hertfordshire,2019-05-10T17:11:02.417Z
SSTV-JZL1-0000000000000006626012,GB,Samsung 2016 Jazz-L UHD TV Smart TV,Samsung 2016 Jazz-L UHD TV Smart TV,86.159.117.21,Hertfordshire,2019-05-09T18:26:53.128Z
SSTV-JZL1-0000000000000006626012,GB,Samsung 2016 Jazz-L UHD TV Smart TV,Samsung 2016 Jazz-L UHD TV Smart TV,86.159.117.21,Hertfordshire,2019-04-27T19:45:41.808Z
SSTV-JZL1-0000000000000006626012,GB,Samsung 2016 Jazz-L UHD TV Smart TV,Samsung 2016 Jazz-L UHD TV Smart TV,109.150.201.227,Bath and North East Somerset,2019-04-25T20:32:08.294Z
SSTV-JZL1-0000000000000006626012,GB,Samsung 2016 Jazz-L UHD TV Smart TV,Samsung 2016 Jazz-L UHD TV Smart TV,109.150.201.227,Bath and North East Somerset,2019-04-12T19:56:34.341Z
SSTV-JZL1-0000000000000006626012,GB,Samsung 2016 Jazz-L UHD TV Smart TV,Samsung 2016 Jazz-L UHD TV Smart TV,86.154.38.31,Hertfordshire,2019-04-08T18:45:45.198Z
YVWBT-DT20-EE505111-5206-4F82-B11E-5EAD7DAFA601,GB,Youview British Telecom DTR-T2100 Set Top Box,Youview British Telecom DTR-T2100 Set Top Box,165.120.220.132,Kent,2019-04-07T13:38:35.967Z
YVWBT-DT20-EE505111-5206-4F82-B11E-5EAD7DAFA601,GB,Youview British Telecom DTR-T2100 Set Top Box,Youview British Telecom DTR-T2100 Set Top Box,165.120.220.132,Kent,2019-03-31T21:21:08.368Z
YVWBT-DT20-EE505111-5206-4F82-B11E-5EAD7DAFA601,GB,Youview British Telecom DTR-T2100 Set Top Box,Youview British Telecom DTR-T2100 Set Top Box,165.120.222.249,Lancashire,2019-03-31T20:51:03.134Z
YVWBT-DT20-EE505111-5206-4F82-B11E-5EAD7DAFA601,GB,Youview British Telecom DTR-T2100 Set Top Box,Youview British Telecom DTR-T2100 Set Top Box,165.120.222.249,Lancashire,2019-03-30T19:57:28.531Z
SSTV-JZL1-0000000000000006626012,GB,Samsung 2016 Jazz-L UHD TV Smart TV,Samsung 2016 Jazz-L UHD TV Smart TV,86.154.38.31,Hertfordshire,2019-03-29T19:47:28.415Z
SSTV-JZL1-0000000000000006626012,GB,Samsung 2016 Jazz-L UHD TV Smart TV,Samsung 2016 Jazz-L UHD TV Smart TV,109.150.165.248,Cardiff,2019-03-28T18:52:47.789Z
SSTV-JZL1-0000000000000006626012,GB,Samsung 2016 Jazz-L UHD TV Smart TV,Samsung 2016 Jazz-L UHD TV Smart TV,109.150.165.248,Cardiff,2019-03-22T18:21:32.610Z
SSTV-JZL1-0000000000000006626012,GB,Samsung 2016 Jazz-L UHD TV Smart TV,Samsung 2016 Jazz-L UHD TV Smart TV,109.151.27.30,Tameside,2019-03-14T20:10:25.536Z
SSTV-JZL1-0000000000000006626012,GB,Samsung 2016 Jazz-L UHD TV Smart TV,Samsung 2016 Jazz-L UHD TV Smart TV,31.48.249.4,Hertfordshire,2019-03-12T20:34:55.227Z
SSTV-JZL1-0000000000000006626012,GB,Samsung 2016 Jazz-L UHD TV Smart TV,Samsung 2016 Jazz-L UHD TV Smart TV,109.151.2.175,Cheshire West and Chester,2019-03-10T19:59:01.369Z
SSTV-JZL1-0000000000000006626012,GB,Samsung 2016 Jazz-L UHD TV Smart TV,Samsung 2016 Jazz-L UHD TV Smart TV,109.151.2.175,Cheshire West and Chester,2019-03-08T19:32:10.563Z
SSTV-JZL1-0000000000000006626012,GB,Samsung 2016 Jazz-L UHD TV Smart TV,Samsung 2016 Jazz-L UHD TV Smart TV,86.153.137.219,Hertfordshire,2019-02-26T19:51:31.404Z
SSTV-JZL1-0000000000000006626012,GB,Samsung 2016 Jazz-L UHD TV Smart TV,Samsung 2016 Jazz-L UHD TV Smart TV,109.154.36.120,Havering,2019-02-24T19:05:38.103Z
SSTV-JZL1-0000000000000006626012,GB,Samsung 2016 Jazz-L UHD TV Smart TV,Samsung 2016 Jazz-L UHD TV Smart TV,86.178.213.64,Gwynedd,2019-02-22T20:48:15.108Z
SSTV-JZL1-0000000000000006626012,GB,Samsung 2016 Jazz-L UHD TV Smart TV,Samsung 2016 Jazz-L UHD TV Smart TV,86.178.213.64,Gwynedd,2019-02-20T18:39:09.592Z
SSTV-JZL1-0000000000000006626012,GB,Samsung 2016 Jazz-L UHD TV Smart TV,Samsung 2016 Jazz-L UHD TV Smart TV,86.178.213.51,Gwynedd,2019-02-18T20:12:00.620Z
SSTV-JZL1-0000000000000006626012,GB,Samsung 2016 Jazz-L UHD TV Smart TV,Samsung 2016 Jazz-L UHD TV Smart TV,86.178.213.51,Gwynedd,2019-02-13T20:46:32.700Z
SSTV-JZL1-0000000000000006626012,GB,Samsung 2016 Jazz-L UHD TV Smart TV,Samsung 2016 Jazz-L UHD TV Smart TV,109.153.245.103,Rotherham,2019-02-10T20:05:22.892Z
SSTV-JZL1-0000000000000006626012,GB,Samsung 2016 Jazz-L UHD TV Smart TV,Samsung 2016 Jazz-L UHD TV Smart TV,109.153.245.105,Rotherham,2019-02-08T19:32:07.851Z
SSTV-JZL1-0000000000000006626012,GB,Samsung 2016 Jazz-L UHD TV Smart TV,Samsung 2016 Jazz-L UHD TV Smart TV,109.153.252.200,Essex,2019-02-07T18:52:53.852Z
SSTV-JZL1-0000000000000006626012,GB,Samsung 2016 Jazz-L UHD TV Smart TV,Samsung 2016 Jazz-L UHD TV Smart TV,109.153.252.200,Essex,2019-02-06T15:54:21.323Z
SSTV-JZL1-0000000000000006626012,GB,Samsung 2016 Jazz-L UHD TV Smart TV,Samsung 2016 Jazz-L UHD TV Smart TV,109.153.195.27,Stockport,2019-02-05T19:32:20.209Z
SSTV-JZL1-0000000000000006626012,GB,Samsung 2016 Jazz-L UHD TV Smart TV,Samsung 2016 Jazz-L UHD TV Smart TV,109.153.195.27,Stockport,2019-02-03T13:59:27.686Z
SSTV-JZL1-0000000000000006626012,GB,Samsung 2016 Jazz-L UHD TV Smart TV,Samsung 2016 Jazz-L UHD TV Smart TV,109.153.40.117,Kent,2019-01-31T20:43:53.650Z
SSTV-JZL1-0000000000000006626012,GB,Samsung 2016 Jazz-L UHD TV Smart TV,Samsung 2016 Jazz-L UHD TV Smart TV,109.153.40.117,Kent,2019-01-27T14:59:51.166Z
SSTV-JZL1-0000000000000006626012,GB,Samsung 2016 Jazz-L UHD TV Smart TV,Samsung 2016 Jazz-L UHD TV Smart TV,86.190.40.41,Hertfordshire,2019-01-23T20:09:06.440Z
SSTV-JZL1-0000000000000006626012,GB,Samsung 2016 Jazz-L UHD TV Smart TV,Samsung 2016 Jazz-L UHD TV Smart TV,86.169.229.254,Cardiff,2019-01-18T19:31:51.288Z
SSTV-JZL1-0000000000000006626012,GB,Samsung 2016 Jazz-L UHD TV Smart TV,Samsung 2016 Jazz-L UHD TV Smart TV,109.151.217.72,Ceredigion,2019-01-17T18:46:32.933Z
SSTV-JZL1-0000000000000006626012,GB,Samsung 2016 Jazz-L UHD TV Smart TV,Samsung 2016 Jazz-L UHD TV Smart TV,109.151.217.72,Ceredigion,2019-01-15T20:44:36.660Z
SSTV-JZL1-0000000000000006626012,GB,Samsung 2016 Jazz-L UHD TV Smart TV,Samsung 2016 Jazz-L UHD TV Smart TV,86.149.128.181,Worcestershire,2019-01-13T01:24:09.019Z
SSTV-JZL1-0000000000000006626012,GB,Samsung 2016 Jazz-L UHD TV Smart TV,Samsung 2016 Jazz-L UHD TV Smart TV,109.150.177.24,Dorset,2019-01-12T09:35:53.298Z
SSTV-JZL1-0000000000000006626012,GB,Samsung 2016 Jazz-L UHD TV Smart TV,Samsung 2016 Jazz-L UHD TV Smart TV,109.150.177.24,Dorset,2019-01-08T18:53:26.596Z
SSTV-JZL1-0000000000000006626012,GB,Samsung 2016 Jazz-L UHD TV Smart TV,Samsung 2016 Jazz-L UHD TV Smart TV,109.150.66.56,Derbyshire,2019-01-06T19:30:33.176Z
YVWBT-DT20-EE505111-5206-4F82-B11E-5EAD7DAFA601,GB,Youview British Telecom DTR-T2100 Set Top Box,Youview British Telecom DTR-T2100 Set Top Box,165.120.239.128,Stockport,2019-01-01T20:55:48.938Z
YVWBT-DT20-EE505111-5206-4F82-B11E-5EAD7DAFA601,GB,Youview British Telecom DTR-T2100 Set Top Box,Youview British Telecom DTR-T2100 Set Top Box,165.120.239.128,Stockport,2018-12-30T20:29:37.281Z
YVWBT-DT20-EE505111-5206-4F82-B11E-5EAD7DAFA601,GB,Youview British Telecom DTR-T2100 Set Top Box,Youview British Telecom DTR-T2100 Set Top Box,165.120.239.128,Stockport,2018-12-30T20:29:37.271Z
YVWBT-DT20-EE505111-5206-4F82-B11E-5EAD7DAFA601,GB,Youview British Telecom DTR-T2100 Set Top Box,Youview British Telecom DTR-T2100 Set Top Box,165.120.239.247,Cheshire East,2018-12-26T11:05:13.001Z
YVWBT-DT20-EE505111-5206-4F82-B11E-5EAD7DAFA601,GB,Youview British Telecom DTR-T2100 Set Top Box,Youview British Telecom DTR-T2100 Set Top Box,165.120.239.247,Cheshire East,2018-12-24T21:22:48.549Z
YVWBT-DT20-EE505111-5206-4F82-B11E-5EAD7DAFA601,GB,Youview British Telecom DTR-T2100 Set Top Box,Youview British Telecom DTR-T2100 Set Top Box,31.52.95.201,Stockport,2018-12-22T11:38:22.952Z
SSTV-JZL1-0000000000000006626012,GB,Samsung 2016 Jazz-L UHD TV Smart TV,Samsung 2016 Jazz-L UHD TV Smart TV,109.151.27.111,Tameside,2018-12-19T18:59:03.740Z
SSTV-JZL1-0000000000000006626012,GB,Samsung 2016 Jazz-L UHD TV Smart TV,Samsung 2016 Jazz-L UHD TV Smart TV,109.151.27.111,Tameside,2018-12-17T20:35:25.682Z
SSTV-JZL1-0000000000000006626012,GB,Samsung 2016 Jazz-L UHD TV Smart TV,Samsung 2016 Jazz-L UHD TV Smart TV,109.151.24.229,Central Bedfordshire,2018-12-15T19:01:44.078Z
SSTV-JZL1-0000000000000006626012,GB,Samsung 2016 Jazz-L UHD TV Smart TV,Samsung 2016 Jazz-L UHD TV Smart TV,109.151.24.229,Central Bedfordshire,2018-12-12T20:17:34.102Z
SSTV-JZL1-0000000000000006626012,GB,Samsung 2016 Jazz-L UHD TV Smart TV,Samsung 2016 Jazz-L UHD TV Smart TV,109.153.232.85,Cambridgeshire,2018-12-10T17:32:43.842Z
SSTV-JZL1-0000000000000006626012,GB,Samsung 2016 Jazz-L UHD TV Smart TV,Samsung 2016 Jazz-L UHD TV Smart TV,109.153.232.85,Cambridgeshire,2018-12-07T18:37:50.574Z
SSTV-JZL1-0000000000000006626012,GB,Samsung 2016 Jazz-L UHD TV Smart TV,Samsung 2016 Jazz-L UHD TV Smart TV,109.152.102.188,Manchester,2018-12-05T22:14:22.013Z
SSTV-JZL1-0000000000000006626012,GB,Samsung 2016 Jazz-L UHD TV Smart TV,Samsung 2016 Jazz-L UHD TV Smart TV,109.152.102.188,Manchester,2018-12-02T14:55:28.330Z
YVWBT-DT20-EE505111-5206-4F82-B11E-5EAD7DAFA601,GB,Youview British Telecom DTR-T2100 Set Top Box,Youview British Telecom DTR-T2100 Set Top Box,165.120.248.198,Wokingham,2018-12-01T17:04:35.833Z
SSTV-JZL1-0000000000000006626012,GB,Samsung 2016 Jazz-L UHD TV Smart TV,Samsung 2016 Jazz-L UHD TV Smart TV,109.151.244.146,Hampshire,2018-12-01T15:49:25.814Z
SSTV-JZL1-0000000000000006626012,GB,Samsung 2016 Jazz-L UHD TV Smart TV,Samsung 2016 Jazz-L UHD TV Smart TV,109.151.244.146,Hampshire,2018-11-23T16:53:58.499Z
SSTV-JZL1-0000000000000006626012,GB,Samsung 2016 Jazz-L UHD TV Smart TV,Samsung 2016 Jazz-L UHD TV Smart TV,109.150.165.247,Hertfordshire,2018-11-18T17:04:14.515Z
SSTV-JZL1-0000000000000006626012,GB,Samsung 2016 Jazz-L UHD TV Smart TV,Samsung 2016 Jazz-L UHD TV Smart TV,86.138.252.187,Hertfordshire,2018-11-16T20:15:47.401Z
SSTV-JZL1-0000000000000006626012,GB,Samsung 2016 Jazz-L UHD TV Smart TV,Samsung 2016 Jazz-L UHD TV Smart TV,109.150.206.44,Croydon,2018-11-11T16:19:23.042Z
SSTV-JZL1-0000000000000006626012,GB,Samsung 2016 Jazz-L UHD TV Smart TV,Samsung 2016 Jazz-L UHD TV Smart TV,109.150.206.44,Croydon,2018-11-06T21:09:59.860Z
SSTV-JZL1-0000000000000006626012,GB,Samsung 2016 Jazz-L UHD TV Smart TV,Samsung 2016 Jazz-L UHD TV Smart TV,109.150.206.47,Croydon,2018-10-31T19:54:47.167Z
YVWBT-DT20-EE505111-5206-4F82-B11E-5EAD7DAFA601,GB,Youview British Telecom DTR-T2100 Set Top Box,Youview British Telecom DTR-T2100 Set Top Box,165.120.250.121,Lincolnshire,2018-10-30T14:03:02.771Z
YVWBT-DT20-EE505111-5206-4F82-B11E-5EAD7DAFA601,GB,Youview British Telecom DTR-T2100 Set Top Box,Youview British Telecom DTR-T2100 Set Top Box,165.120.250.121,Lincolnshire,2018-10-30T14:03:02.762Z
YVWBT-DT20-EE505111-5206-4F82-B11E-5EAD7DAFA601,GB,Youview British Telecom DTR-T2100 Set Top Box,Youview British Telecom DTR-T2100 Set Top Box,86.162.208.192,Stockport,2018-10-29T21:16:09.080Z
YVWBT-DT20-EE505111-5206-4F82-B11E-5EAD7DAFA601,GB,Youview British Telecom DTR-T2100 Set Top Box,Youview British Telecom DTR-T2100 Set Top Box,86.162.208.192,Stockport,2018-10-29T14:53:25.281Z
YVWBT-DT20-EE505111-5206-4F82-B11E-5EAD7DAFA601,GB,Youview British Telecom DTR-T2100 Set Top Box,Youview British Telecom DTR-T2100 Set Top Box,86.162.208.192,Stockport,2018-10-29T14:53:25.272Z
SSTV-JZL1-0000000000000006626012,GB,Samsung 2016 Jazz-L UHD TV Smart TV,Samsung 2016 Jazz-L UHD TV Smart TV,109.150.206.47,Croydon,2018-10-27T23:33:28.536Z
SSTV-JZL1-0000000000000006626012,GB,Samsung 2016 Jazz-L UHD TV Smart TV,Samsung 2016 Jazz-L UHD TV Smart TV,86.154.38.18,Staffordshire,2018-10-25T19:25:11.059Z
SSTV-JZL1-0000000000000006626012,GB,Samsung 2016 Jazz-L UHD TV Smart TV,Samsung 2016 Jazz-L UHD TV Smart TV,86.154.38.18,Staffordshire,2018-10-22T17:59:09.006Z
SSTV-JZL1-0000000000000006626012,GB,Samsung 2016 Jazz-L UHD TV Smart TV,Samsung 2016 Jazz-L UHD TV Smart TV,109.153.95.214,Wandsworth,2018-10-21T17:56:58.186Z
SSTV-JZL1-0000000000000006626012,GB,Samsung 2016 Jazz-L UHD TV Smart TV,Samsung 2016 Jazz-L UHD TV Smart TV,109.152.102.205,Manchester,2018-10-19T17:37:01.803Z
SSTV-JZL1-0000000000000006626012,GB,Samsung 2016 Jazz-L UHD TV Smart TV,Samsung 2016 Jazz-L UHD TV Smart TV,109.151.244.225,Hampshire,2018-10-18T19:05:51.411Z
SSTV-JZL1-0000000000000006626012,GB,Samsung 2016 Jazz-L UHD TV Smart TV,Samsung 2016 Jazz-L UHD TV Smart TV,109.151.244.225,Hampshire,2018-10-16T20:14:16.608Z
SSTV-JZL1-0000000000000006626012,GB,Samsung 2016 Jazz-L UHD TV Smart TV,Samsung 2016 Jazz-L UHD TV Smart TV,86.169.229.129,Hertfordshire,2018-10-14T19:56:43.537Z
SSTV-JZL1-0000000000000006626012,GB,Samsung 2016 Jazz-L UHD TV Smart TV,Samsung 2016 Jazz-L UHD TV Smart TV,86.169.229.129,Hertfordshire,2018-10-14T13:46:06.906Z
SSTV-JZL1-0000000000000006626012,GB,Samsung 2016 Jazz-L UHD TV Smart TV,Samsung 2016 Jazz-L UHD TV Smart TV,109.153.46.69,Birmingham,2018-10-13T17:24:03.075Z
SSTV-JZL1-0000000000000006626012,GB,Samsung 2016 Jazz-L UHD TV Smart TV,Samsung 2016 Jazz-L UHD TV Smart TV,109.153.46.69,Birmingham,2018-10-12T20:58:50.789Z
SSTV-JZL1-0000000000000006626012,GB,Samsung 2016 Jazz-L UHD TV Smart TV,Samsung 2016 Jazz-L UHD TV Smart TV,109.151.26.201,Hertfordshire,2018-10-11T20:06:15.164Z
SSTV-JZL1-0000000000000006626012,GB,Samsung 2016 Jazz-L UHD TV Smart TV,Samsung 2016 Jazz-L UHD TV Smart TV,109.153.95.240,Wandsworth,2018-10-10T18:33:15.586Z
SSTV-JZL1-0000000000000006626012,GB,Samsung 2016 Jazz-L UHD TV Smart TV,Samsung 2016 Jazz-L UHD TV Smart TV,86.180.23.164,Sandwell,2018-10-09T18:29:56.118Z
YVWBT-DT20-EE505111-5206-4F82-B11E-5EAD7DAFA601,GB,Youview British Telecom DTR-T2100 Set Top Box,Youview British Telecom DTR-T2100 Set Top Box,86.162.208.219,Stockport,2018-09-15T20:26:20.712Z
MANGELONFX00000000000000000000000002172714,GB,Vestel MB110/115 Smart TV,Vestel MB110/115 Smart TV,86.144.158.20,Hertfordshire,2018-08-20T16:53:39.577Z
YVWBT-DT20-EE505111-5206-4F82-B11E-5EAD7DAFA601,GB,Youview British Telecom DTR-T2100 Set Top Box,Youview British Telecom DTR-T2100 Set Top Box,86.146.98.176,Stockport,2018-08-17T19:59:58.178Z
YVWBT-DT20-EE505111-5206-4F82-B11E-5EAD7DAFA601,GB,Youview British Telecom DTR-T2100 Set Top Box,Youview British Telecom DTR-T2100 Set Top Box,165.120.220.201,Kent,2018-05-21T20:44:48.557Z
YVWBT-DT20-EE505111-5206-4F82-B11E-5EAD7DAFA601,GB,Youview British Telecom DTR-T2100 Set Top Box,Youview British Telecom DTR-T2100 Set Top Box,165.120.220.201,Kent,2018-05-21T20:44:48.541Z
YVWBT-DT20-EE505111-5206-4F82-B11E-5EAD7DAFA601,GB,Youview British Telecom DTR-T2100 Set Top Box,Youview British Telecom DTR-T2100 Set Top Box,165.120.234.194,Ceredigion,2018-05-18T20:42:23.643Z
YVWBT-DT20-EE505111-5206-4F82-B11E-5EAD7DAFA601,GB,Youview British Telecom DTR-T2100 Set Top Box,Youview British Telecom DTR-T2100 Set Top Box,165.120.234.194,Ceredigion,2018-05-13T21:34:26.870Z
YVWBT-DT20-EE505111-5206-4F82-B11E-5EAD7DAFA601,GB,Youview British Telecom DTR-T2100 Set Top Box,Youview British Telecom DTR-T2100 Set Top Box,165.120.234.194,Ceredigion,2018-05-13T21:34:26.859Z
YVWBT-DT20-EE505111-5206-4F82-B11E-5EAD7DAFA601,GB,Youview British Telecom DTR-T2100 Set Top Box,Youview British Telecom DTR-T2100 Set Top Box,31.52.95.246,Stockport,2018-02-03T21:44:11.086Z
YVWBT-DT20-EE505111-5206-4F82-B11E-5EAD7DAFA601,GB,Youview British Telecom DTR-T2100 Set Top Box,Youview British Telecom DTR-T2100 Set Top Box,31.52.95.246,Stockport,2018-01-28T22:35:56.107Z
YVWBT-DT20-EE505111-5206-4F82-B11E-5EAD7DAFA601,GB,Youview British Telecom DTR-T2100 Set Top Box,Youview British Telecom DTR-T2100 Set Top Box,31.52.95.246,Stockport,2018-01-28T22:35:56.099Z
MANGELONFX00000000000000000000000002172714,GB,Vestel MB110/115 Smart TV,Vestel MB110/115 Smart TV,109.153.232.13,Cambridgeshire,2018-01-27T10:07:10.947Z
MANGELONFX00000000000000000000000002172714,GB,Vestel MB110/115 Smart TV,Vestel MB110/115 Smart TV,109.153.232.13,Cambridgeshire,2018-01-14T13:03:06.223Z
MANGELONFX00000000000000000000000002172714,GB,Vestel MB110/115 Smart TV,Vestel MB110/115 Smart TV,86.169.229.243,Hertfordshire,2018-01-10T18:17:13.622Z
MANGELONFX00000000000000000000000002172714,GB,Vestel MB110/115 Smart TV,Vestel MB110/115 Smart TV,86.169.229.243,Hertfordshire,2018-01-01T14:33:16.745Z
SSTV-JZL1-0000000000000006626012,GB,Samsung 2016 Jazz-L UHD TV Smart TV,Samsung 2016 Jazz-L UHD TV Smart TV,109.151.26.231,Hertfordshire,2017-12-17T21:23:58.525Z
SSTV-JZL1-0000000000000006626012,GB,Samsung 2016 Jazz-L UHD TV Smart TV,Samsung 2016 Jazz-L UHD TV Smart TV,86.144.158.17,Hertfordshire,2017-12-14T20:18:46.279Z
SSTV-JZL1-0000000000000006626012,GB,Samsung 2016 Jazz-L UHD TV Smart TV,Samsung 2016 Jazz-L UHD TV Smart TV,86.144.158.17,Hertfordshire,2017-12-07T19:36:04.302Z
SSTV-JZL1-0000000000000006626012,GB,Samsung 2016 Jazz-L UHD TV Smart TV,Samsung 2016 Jazz-L UHD TV Smart TV,109.153.245.44,North Yorkshire,2017-12-04T19:57:12.613Z
SSTV-JZL1-0000000000000006626012,GB,Samsung 2016 Jazz-L UHD TV Smart TV,Samsung 2016 Jazz-L UHD TV Smart TV,109.153.245.44,North Yorkshire,2017-12-02T19:12:25.743Z
SSTV-JZL1-0000000000000006626012,GB,Samsung 2016 Jazz-L UHD TV Smart TV,Samsung 2016 Jazz-L UHD TV Smart TV,109.153.118.98,North Yorkshire,2017-11-25T19:42:18.671Z
SSTV-JZL1-0000000000000006626012,GB,Samsung 2016 Jazz-L UHD TV Smart TV,Samsung 2016 Jazz-L UHD TV Smart TV,109.153.118.98,North Yorkshire,2017-11-18T17:57:02.557Z
SSTV-JZL1-0000000000000006626012,GB,Samsung 2016 Jazz-L UHD TV Smart TV,Samsung 2016 Jazz-L UHD TV Smart TV,109.153.232.5,Cambridgeshire,2017-11-12T19:51:23.459Z
SSTV-JZL1-0000000000000006626012,GB,Samsung 2016 Jazz-L UHD TV Smart TV,Samsung 2016 Jazz-L UHD TV Smart TV,109.153.232.5,Cambridgeshire,2017-11-08T18:23:25.084Z
SSTV-JZL1-0000000000000006626012,GB,Samsung 2016 Jazz-L UHD TV Smart TV,Samsung 2016 Jazz-L UHD TV Smart TV,109.153.225.44,Oldham,2017-11-07T20:51:46.740Z
SSTV-JZL1-0000000000000006626012,GB,Samsung 2016 Jazz-L UHD TV Smart TV,Samsung 2016 Jazz-L UHD TV Smart TV,109.150.167.202,Norfolk,2017-11-03T19:13:05.477Z
SSTV-JZL1-0000000000000006626012,GB,Samsung 2016 Jazz-L UHD TV Smart TV,Samsung 2016 Jazz-L UHD TV Smart TV,109.150.167.202,Norfolk,2017-11-01T21:28:07.424Z
SSTV-JZL1-0000000000000006626012,GB,Samsung 2016 Jazz-L UHD TV Smart TV,Samsung 2016 Jazz-L UHD TV Smart TV,109.153.232.93,Cambridgeshire,2017-10-29T20:23:53.980Z
SSTV-JZL1-0000000000000006626012,GB,Samsung 2016 Jazz-L UHD TV Smart TV,Samsung 2016 Jazz-L UHD TV Smart TV,109.153.232.93,Cambridgeshire,2017-10-28T23:25:49.626Z
SSTV-JZL1-0000000000000006626012,GB,Samsung 2016 Jazz-L UHD TV Smart TV,Samsung 2016 Jazz-L UHD TV Smart TV,109.150.201.197,Bath and North East Somerset,2017-10-21T23:26:59.670Z
SSTV-JZL1-0000000000000006626012,GB,Samsung 2016 Jazz-L UHD TV Smart TV,Samsung 2016 Jazz-L UHD TV Smart TV,109.150.201.197,Bath and North East Somerset,2017-10-11T19:54:09.790Z
SSTV-JZL1-0000000000000006626012,GB,Samsung 2016 Jazz-L UHD TV Smart TV,Samsung 2016 Jazz-L UHD TV Smart TV,86.144.158.30,Essex,2017-09-23T20:37:31.724Z
SSTV-JZL1-0000000000000006626012,GB,Samsung 2016 Jazz-L UHD TV Smart TV,Samsung 2016 Jazz-L UHD TV Smart TV,86.144.158.30,Essex,2017-09-22T19:30:27.321Z
SSTV-JZL1-0000000000000006626012,GB,Samsung 2016 Jazz-L UHD TV Smart TV,Samsung 2016 Jazz-L UHD TV Smart TV,31.54.69.34,Hertfordshire,2017-08-10T18:38:02.019Z
SSTV-JZL1-0000000000000006626012,GB,Samsung 2016 Jazz-L UHD TV Smart TV,Samsung 2016 Jazz-L UHD TV Smart TV,31.54.69.34,Hertfordshire,2017-08-05T20:53:52.114Z
SSTV-JZL1-0000000000000006626012,GB,Samsung 2016 Jazz-L UHD TV Smart TV,Samsung 2016 Jazz-L UHD TV Smart TV,109.150.126.245,Shropshire,2017-07-27T20:09:34.256Z
SSTV-JZL1-0000000000000006626012,GB,Samsung 2016 Jazz-L UHD TV Smart TV,Samsung 2016 Jazz-L UHD TV Smart TV,109.150.126.245,Shropshire,2017-07-25T20:03:21.284Z
SSTV-JZL1-0000000000000006626012,GB,Samsung 2016 Jazz-L UHD TV Smart TV,Samsung 2016 Jazz-L UHD TV Smart TV,109.151.217.1,Ceredigion,2017-07-06T19:14:30.144Z
SSTV-JZL1-0000000000000006626012,GB,Samsung 2016 Jazz-L UHD TV Smart TV,Samsung 2016 Jazz-L UHD TV Smart TV,109.151.217.1,Ceredigion,2017-07-01T08:13:36.910Z
SSTV-JZL1-0000000000000006626012,GB,Samsung 2016 Jazz-L UHD TV Smart TV,Samsung 2016 Jazz-L UHD TV Smart TV,31.48.249.50,Cardiff,2017-06-09T19:56:47.145Z
SSTV-JZL1-0000000000000006626012,GB,Samsung 2016 Jazz-L UHD TV Smart TV,Samsung 2016 Jazz-L UHD TV Smart TV,31.48.249.50,Cardiff,2017-05-30T20:30:07.859Z
SSTV-JZL1-0000000000000006626012,GB,Samsung 2016 Jazz-L UHD TV Smart TV,Samsung 2016 Jazz-L UHD TV Smart TV,109.151.26.202,Hertfordshire,2017-02-09T20:14:25.443Z
SSTV-JZL1-0000000000000006626012,GB,Samsung 2016 Jazz-L UHD TV Smart TV,Samsung 2016 Jazz-L UHD TV Smart TV,109.151.26.202,Hertfordshire,2017-02-04T18:50:32.569Z
SSTV-JZL1-0000000000000006626012,GB,Samsung 2016 Jazz-L UHD TV Smart TV,Samsung 2016 Jazz-L UHD TV Smart TV,109.151.2.169,Cheshire West and Chester,2017-01-30T20:31:42.322Z
SSTV-JZL1-0000000000000006626012,GB,Samsung 2016 Jazz-L UHD TV Smart TV,Samsung 2016 Jazz-L UHD TV Smart TV,109.151.2.169,Cheshire West and Chester,2017-01-26T20:33:37.360Z
SSTV-JZL1-0000000000000006626012,GB,Samsung 2016 Jazz-L UHD TV Smart TV,Samsung 2016 Jazz-L UHD TV Smart TV,109.151.244.153,Hampshire,2017-01-23T18:45:26.358Z
SSTV-JZL1-0000000000000006626012,GB,Samsung 2016 Jazz-L UHD TV Smart TV,Samsung 2016 Jazz-L UHD TV Smart TV,109.151.244.153,Hampshire,2017-01-16T21:50:10.872Z
SSTV-JZL1-0000000000000006626012,GB,Samsung 2016 Jazz-L UHD TV Smart TV,Samsung 2016 Jazz-L UHD TV Smart TV,86.169.30.220,Hertfordshire,2017-01-10T20:29:31.079Z
SSTV-JZL1-0000000000000006626012,GB,Samsung 2016 Jazz-L UHD TV Smart TV,Samsung 2016 Jazz-L UHD TV Smart TV,86.169.30.220,Hertfordshire,2017-01-09T19:55:38.562Z
